Pairing,Player 1,Player 1 Score,Player 2 Score,Player 2,Player 1 Name,Player 2 Name,Player 1 Record,Player 2 Record,Winner ID,Player 1 ID,Player 2 ID
1,Winstussy1-1-0,0,1,Selen Tatsuki2-0-0,Winstussy,Selen Tatsuki,1-1-0,2-0-0,edgevnv,winstussy,edgevnv
2,AmatorAleITakPokonaMiadanaXD2-0-0,1,0,Yuhyungju1-1-0,AmatorAleITakPokonaMiadanaXD,Yuhyungju,2-0-0,1-1-0,amatoraleitakpokonamiadanaxd,amatoraleitakpokonamiadanaxd,yuhyungju
3,BarbaricChu1-1-0,0,1,Jan32-0-0,BarbaricChu,Jan3,1-1-0,2-0-0,jan3,barbaricchu,jan3
4,Blask2-0-0,1,0,BJ Brownell1-1-0,Blask,BJ Brownell,2-0-0,1-1-0,blask,blask,beaverjohnson
5,FabrizioINSI102-0-0,1,0,banoonw1-1-0,FabrizioINSI10,banoonw,2-0-0,1-1-0,fabrizioinsi10,fabrizioinsi10,banoonw
6,YoongKaiJian1-1-0,0,1,Tymoteusz Dziedzic2-0-0,YoongKaiJian,Tymoteusz Dziedzic,1-1-0,2-0-0,necrozmauf,yoongkaijian,necrozmauf
7,Lecho1-1-0,0,1,ToineLay2-0-0,Lecho,ToineLay,1-1-0,2-0-0,toinelay,lecho,toinelay
8,Yurine1-1-0,0,1,chiseledsloth12-0-0,Yurine,chiseledsloth1,1-1-0,2-0-0,chiseledsloth1,yurine,chiseledsloth1
9,WellingtonZoobi2-0-0,1,0,jprivett832poke1-1-0,WellingtonZoobi,jprivett832poke,2-0-0,1-1-0,wellingtonzoobi,wellingtonzoobi,jprivett832poke
10,Savid4001-1-0,0,1,SSSong2-0-0,Savid400,SSSong,1-1-0,2-0-0,sssong,savid400,sssong
11,JamesCox1901-1-0,0,1,edwynt19992-0-0,JamesCox190,edwynt1999,1-1-0,2-0-0,edwynt1999,jamescox190,edwynt1999
12,MasterLeBui1-1-0,0,1,Wartoldo2-0-0,MasterLeBui,Wartoldo,1-1-0,2-0-0,wartoldo,masterlebui,wartoldo
13,Andrés Viglioglia1-1-0,0,1,Anti2-0-0,Andrés Viglioglia,Anti,1-1-0,2-0-0,anti,nbandy,anti
14,Mateusz  Ł1-1-0,0,1,Alex Hamilton2-0-0,Mateusz  Ł,Alex Hamilton,1-1-0,2-0-0,omegascizor456,jezyk,omegascizor456
15,Gabriel Pino Semedo2-0-0,1,0,Katnoaga1-1-0,Gabriel Pino Semedo,Katnoaga,2-0-0,1-1-0,gabrielsemedo,gabrielsemedo,katnoaga
16,ThePinkMudFish2-0-0,1,0,PrinceVortex1-1-0,ThePinkMudFish,PrinceVortex,2-0-0,1-1-0,thepinkmudfish,thepinkmudfish,princevortex
17,daryu50802-0-0,1,0,mattmovir1-1-0,daryu5080,mattmovir,2-0-0,1-1-0,daryu5080,daryu5080,mattmovir
18,Goomybarz2-0-0,1,0,AimeLeSuisse1-1-0,Goomybarz,AimeLeSuisse,2-0-0,1-1-0,goomybarz,goomybarz,aimelesuisse
19,Rendywise192-0-0,1,0,가부리 부리부리부리부리부리부리부리1-1-0,Rendywise19,가부리 부리부리부리부리부리부리부리,2-0-0,1-1-0,rendywise19,rendywise19,capahab
20,Vina1-1-0,0,1,Bonsanto2-0-0,Vina,Bonsanto,1-1-0,2-0-0,bonsanto,vina,bonsanto
21,Ryan Simons1-1-0,0,1,LiamKidd2-0-0,Ryan Simons,LiamKidd,1-1-0,2-0-0,liamkidd,variedits,liamkidd
22,Shaarni2-0-0,1,0,DragoniteHoarder1-1-0,Shaarni,DragoniteHoarder,2-0-0,1-1-0,shaarni,shaarni,dragonitehoarder
23,Mario Vasquez1-1-0,0,1,Rene Ess2-0-0,Mario Vasquez,Rene Ess,1-1-0,2-0-0,reneus,pokeyonko,reneus
24,Daniel7772-0-0,1,0,Drandonbean021-1-0,Daniel777,Drandonbean02,2-0-0,1-1-0,daniel777,daniel777,drandonbean02
25,Well Played　坂井 S2-0-0,1,0,João  Pires1-1-0,Well Played　坂井 S,João  Pires,2-0-0,1-1-0,brunokoko,brunokoko,luisao99
26,Jakub S1-1-0,0,1,Seraphim32-0-0,Jakub S,Seraphim3,1-1-0,2-0-0,seraphim3,jskiba,seraphim3
27,ddzlgd4301-1-0,0,1,kitneras y2-0-0,ddzlgd430,kitneras y,1-1-0,2-0-0,rafaelyuiti,ddzlgd430,rafaelyuiti
28,Luke Ayla Mallia2-0-0,1,0,arbulls1-1-0,Luke Ayla Mallia,arbulls,2-0-0,1-1-0,lonelyayla,lonelyayla,arbulls
29,Anya K. Johansson1-0-1,0,0,JayArrCee1-0-1,Anya K. Johansson,JayArrCee,1-0-1,1-0-1,0,anyakj,jayarrcee
30,beeswarm251-1-0,0,1,Blastobro2-0-0,beeswarm25,Blastobro,1-1-0,2-0-0,blastobro,beeswarm25,blastobro
31,FelixSSA1-0-1,0,0,djbrose1-0-1,FelixSSA,djbrose,1-0-1,1-0-1,0,felixssa,djbrose
32,Hawlucha221-1-0,0,1,pjwitusik2-0-0,Hawlucha22,pjwitusik,1-1-0,2-0-0,pjwitusik,hawlucha22,pjwitusik
33,Gio1-1-0,0,1,scaril172-0-0,Gio,scaril17,1-1-0,2-0-0,scaril17,gio,scaril17
34,LuisDiiiEnLaFama2-0-0,1,0,DorkNova1-1-0,LuisDiiiEnLaFama,DorkNova,2-0-0,1-1-0,luisdiiienlafama,luisdiiienlafama,dorknova
35,Pilonzitos2-0-0,1,0,tomo17131-1-0,Pilonzitos,tomo1713,2-0-0,1-1-0,pilonzitos,pilonzitos,tomo1713
36,fastandcool1-1-0,0,1,Zach Burkhardt2-0-0,fastandcool,Zach Burkhardt,1-1-0,2-0-0,specsgg,fastandcool,specsgg
37,Bartek Jurczyk1-1-0,0,1,Oskulden2-0-0,Bartek Jurczyk,Oskulden,1-1-0,2-0-0,adamdabitch,jaszczur321,adamdabitch
38,cherry2-0-0,1,0,Leadlomas1-1-0,cherry,Leadlomas,2-0-0,1-1-0,cherry,cherry,leadlomas
39,irvintyes0-1-1,0,1,DHole1-1-0,irvintyes,DHole,0-1-1,1-1-0,dhole,irvintyes,dhole
40,Nara17020-1-1,0,1,iStark111-1-0,Nara1702,iStark11,0-1-1,1-1-0,istark11,nara1702,istark11
41,GABY1-1-0,1,0,Centillion0-2-0,GABY,Centillion,1-1-0,0-2-0,gaby,gaby,centillion
42,sidneygautrau1-1-0,1,0,nori51000-2-0,sidneygautrau,nori5100,1-1-0,0-2-0,sidneygautrau,sidneygautrau,nori5100
43,역삼 카드냥 갈때마다 홍반점 먹는 준서위씨1-1-0,1,0,wakingeyes0-2-0,역삼 카드냥 갈때마다 홍반점 먹는 준서위씨,wakingeyes,1-1-0,0-2-0,sebastianoh,sebastianoh,wakingeyes
44,Daniquimo100-2-0,0,1,Bossman21-1-0,Daniquimo10,Bossman2,0-2-0,1-1-0,bossman2,daniquimo10,bossman2
45,Ant43910-2-0,0,1,bthill11-1-0,Ant4391,bthill1,0-2-0,1-1-0,bthill1,ant4391,bthill1
46,Brandon Baughn1-1-0,1,0,Armorham0-2-0,Brandon Baughn,Armorham,1-1-0,0-2-0,pokebaughn,pokebaughn,armorham
47,Civi3211-1-0,0,0,DysonUmtuch0-2-0,Civi321,DysonUmtuch,1-1-0,0-2-0,civi321,civi321,dysonumtuch
48,GroovyMagikarp1-1-0,1,0,Francoritz0-2-0,GroovyMagikarp,Francoritz,1-1-0,0-2-0,groovymagikarp,groovymagikarp,francoritz
49,soshifan91-1-0,1,0,Danuwat Wantha0-2-0,soshifan9,Danuwat Wantha,1-1-0,0-2-0,soshifan9,soshifan9,guywantha
50,heitormartins0-2-0,0,1,Morgan Abreu1-1-0,heitormartins,Morgan Abreu,0-2-0,1-1-0,momaster13,heitormartins,momaster13
51,Miguel Ruiz0-2-0,0,1,bujt1-1-0,Miguel Ruiz,bujt,0-2-0,1-1-0,bujt,sithmikkel96,bujt
52,Dynamite0-2-0,0,1,steffyleff1-1-0,Dynamite,steffyleff,0-2-0,1-1-0,steffyleff,dynamite,steffyleff
53,Rjg0-2-0,0,0,Biggo40021-1-0,Rjg,Biggo4002,0-2-0,1-1-0,biggo4002,rjg,biggo4002
54,Victor A1-1-0,1,0,Julicxx0-2-0,Victor A,Julicxx,1-1-0,0-2-0,hipoke,hipoke,julicxx
55,thelivin1-1-0,0,0,microphage0-2-0,thelivin,microphage,1-1-0,0-2-0,thelivin,thelivin,microphage
56,Gooey1011-1-0,0,0,mwarren25000-2-0,Gooey101,mwarren2500,1-1-0,0-2-0,gooey101,gooey101,mwarren2500
57,LevitanJenkins0-1-1,0,0,Leaf18040-1-1,LevitanJenkins,Leaf1804,0-1-1,0-1-1,0,levitanjenkins,leaf1804
58,Capcrew0-2-0,0,1,TRTs1011-1-0,Capcrew,TRTs101,0-2-0,1-1-0,trts101,capcrew,trts101
59,arturoR2D26331270-2-0,0,1,혁주 권1-1-0,arturoR2D2633127,혁주 권,0-2-0,1-1-0,amane,arturor2d2633127,amane
60,MrBacon1-1-0,1,0,TheOldNorseman0-2-0,MrBacon,TheOldNorseman,1-1-0,0-2-0,mrbacon,mrbacon,theoldnorseman
61,Zarbon1-1-0,1,0,Oddish0-2-0,Zarbon,Oddish,1-1-0,0-2-0,zarbon,zarbon,oddish
62,Marco Cifuentes1-1-0,0,0,Hayden Matthews0-2-0,Marco Cifuentes,Hayden Matthews,1-1-0,0-2-0,marcocifuentes,marcocifuentes,hdos39
63,Juffimax1-1-0,0,0,Meurling0-2-0,Juffimax,Meurling,1-1-0,0-2-0,juffimax,juffimax,meurling
64,Fernando Cifuentes1-1-0,0,0,Lordhyperion0-2-0,Fernando Cifuentes,Lordhyperion,1-1-0,0-2-0,fermeta,fermeta,lordhyperion
65,JorgeR1-1-0,1,0,pepapepa80-2-0,JorgeR,pepapepa8,1-1-0,0-2-0,jorger,jorger,pepapepa8
66,Jezuz0-2-0,0,1,Killerbe4t1-1-0,Jezuz,Killerbe4t,0-2-0,1-1-0,killerbe4t,jezuz,killerbe4t
67,Lucas O1-1-0,1,0,Jclover0-2-0,Lucas O,Jclover,1-1-0,0-2-0,aoldale,aoldale,jclover
68,Jeffrey Honea1-1-0,0,0,SestoSento0-2-0,Jeffrey Honea,SestoSento,1-1-0,0-2-0,pokemontranierworldwide,pokemontranierworldwide,sestosento
69,SeongMoByun1-1-0,1,0,ChaloZamorano0-2-0,SeongMoByun,ChaloZamorano,1-1-0,0-2-0,seongmobyun,seongmobyun,chalozamorano
70,StoffeHD1-1-0,1,0,Antti420-2-0,StoffeHD,Antti42,1-1-0,0-2-0,stoffehd,stoffehd,antti42
71,Vitor Lugon0-2-0,0,1,Artic1-1-0,Vitor Lugon,Artic,0-2-0,1-1-0,artic,vitorlugon,artic
72,Schwegi880-2-0,0,1,BeamMeUp1-1-0,Schwegi88,BeamMeUp,0-2-0,1-1-0,beammeup,schwegi88,beammeup
73,WojtekBB0-2-0,0,1,Štěpán S1-1-0,WojtekBB,Štěpán S,0-2-0,1-1-0,pentachu,wojtekbb,pentachu
74,bananaleks1-1-0,1,0,Briggsy .0-2-0,bananaleks,Briggsy .,1-1-0,0-2-0,bananaleks,bananaleks,briggsyisbomb
75,Emanuel E1-1-0,1,0,IllusionOP0-2-0,Emanuel E,IllusionOP,1-1-0,0-2-0,xpredate,xpredate,illusionop
76,Matt Vandersluys1-1-0,,,bye,Matt Vandersluys,*Bye*,1-1-0,N/A,cxndr,cxndr,*Bye*
