Pairing,Player 1,Player 1 Score,Player 2 Score,Player 2,Player 1 Name,Player 2 Name,Player 1 Record,Player 2 Record,Winner ID,Player 1 ID,Player 2 ID
1,AtomicGantner4-0-0,1,0,hamadayu253-1-0,AtomicGantner,hamadayu25,4-0-0,3-1-0,atomicgantner,atomicgantner,hamadayu25
2,Jonathan Patricio Ch.4-0-0,1,0,DiamondKing3-1-0,Jonathan Patricio Ch.,DiamondKing,4-0-0,3-1-0,jonah2705,jonah2705,diamondking
3,Hooligan8354-0-0,1,0,TRTs1013-1-0,Hooligan835,TRTs101,4-0-0,3-1-0,hooligan835,hooligan835,trts101
4,Alex Schemanske4-0-0,1,0,u5d3-1-0,Alex Schemanske,u5d,4-0-0,3-1-0,mewpip,mewpip,u5d
5,TeachMePokemonPodcast4-0-0,1,0,Alex Hamilton3-1-0,TeachMePokemonPodcast,Alex Hamilton,4-0-0,3-1-0,teachmepokemonpodcast,teachmepokemonpodcast,omegascizor456
6,Yanagisawa3-1-0,0,1,eggahat4-0-0,Yanagisawa,eggahat,3-1-0,4-0-0,eggahat,yanagisawa,eggahat
7,Ryan Simons4-0-0,1,0,Tomoki H3-1-0,Ryan Simons,Tomoki H,4-0-0,3-1-0,variedits,variedits,tomokihonda
8,cardleadersde4-0-0,1,0,Ssong 73-1-0,cardleadersde,Ssong 7,4-0-0,3-1-0,cardleadersde,cardleadersde,king777
9,matsunoyushin4-0-0,1,0,Harukim3-1-0,matsunoyushin,Harukim,4-0-0,3-1-0,matsunoyushin,matsunoyushin,harukim
10,peppo4-0-0,1,0,kappadorcards3-1-0,peppo,kappadorcards,4-0-0,3-1-0,peppo,peppo,kappadorcards
11,kyoroOJ3-1-0,0,1,TAKITA4-0-0,kyoroOJ,TAKITA,3-1-0,4-0-0,takita,kyorooj,takita
12,hgibbon133-1-0,0,1,Bigboshops4-0-0,hgibbon13,Bigboshops,3-1-0,4-0-0,bigboshops,hgibbon13,bigboshops
13,nearby4-0-0,1,0,owntempo2-1-1,nearby,owntempo,4-0-0,2-1-1,nearby,nearby,owntempo
14,wei2-1-1,0,1,roi853-1-0,wei,roi85,2-1-1,3-1-0,roi85,wei,roi85
15,Immilanista2-2-0,0,1,Lecho3-1-0,Immilanista,Lecho,2-2-0,3-1-0,lecho,immilanista,lecho
16,RobertBrianMM3-1-0,1,0,Mimi2-2-0,RobertBrianMM,Mimi,3-1-0,2-2-0,robertbrianmm,robertbrianmm,mimi
17,MysteriousPlayer3-1-0,1,0,PTPPokemon682-2-0,MysteriousPlayer,PTPPokemon68,3-1-0,2-2-0,mysteriousplayer,mysteriousplayer,ptppokemon68
18,bughalover333-1-0,1,0,Jacob Quinn2-2-0,bughalover33,Jacob Quinn,3-1-0,2-2-0,bughalover33,bughalover33,beastman66
19,RiotTown3-1-0,1,0,Carson Washer2-2-0,RiotTown,Carson Washer,3-1-0,2-2-0,riottown,riottown,carsonwasher00
20,Bunni2-2-0,0,1,RealAB73-1-0,Bunni,RealAB7,2-2-0,3-1-0,realab7,bunni,realab7
21,Riku Nakajima2-2-0,0,1,Artic3-1-0,Riku Nakajima,Artic,2-2-0,3-1-0,artic,lily818,artic
22,Connor O2-2-0,0,1,MasterLeBui3-1-0,Connor O,MasterLeBui,2-2-0,3-1-0,masterlebui,talonflame23185,masterlebui
23,Daniel7773-1-0,1,0,Oscar M2-2-0,Daniel777,Oscar M,3-1-0,2-2-0,daniel777,daniel777,48oscar
24,DT Mark02-2-0,0,1,MWben3-1-0,DT Mark0,MWben,2-2-0,3-1-0,mwben,mark0,mwben
25,Zhang Y3-1-0,1,0,butadbut2-2-0,Zhang Y,butadbut,3-1-0,2-2-0,brian199988,brian199988,butadbut
26,beeswarm253-1-0,1,0,TheRicardoToddy2-2-0,beeswarm25,TheRicardoToddy,3-1-0,2-2-0,beeswarm25,beeswarm25,thericardotoddy
27,NGKyVong2-2-0,0,1,Yoshimain3-1-0,NGKyVong,Yoshimain,2-2-0,3-1-0,yoshimain,ngkyvong,yoshimain
28,ProcioneKiller033-1-0,0,0,Leu2-2-0,ProcioneKiller03,Leu,3-1-0,2-2-0,procionekiller03,procionekiller03,leu
29,Jungwoongjin3-1-0,1,0,superNALE2-2-0,Jungwoongjin,superNALE,3-1-0,2-2-0,jungwoongjin,jungwoongjin,supernale
30,Lpc19942-2-0,0,1,Elmenor213-1-0,Lpc1994,Elmenor21,2-2-0,3-1-0,elmenor21,lpc1994,elmenor21
31,homemadebiscuit2-2-0,0,1,rain3-1-0,homemadebiscuit,rain,2-2-0,3-1-0,rain,homemadebiscuit,rain
32,Greninjaboi2-2-0,0,1,Richard M3-1-0,Greninjaboi,Richard M,2-2-0,3-1-0,ambition,greninjaboi,ambition
33,DaBlockins2-2-0,0,1,edwynt19993-1-0,DaBlockins,edwynt1999,2-2-0,3-1-0,edwynt1999,dablockins,edwynt1999
34,Vicente Canales-Loyola (MoeHawk)2-2-0,0,1,Sainsgz3-1-0,Vicente Canales-Loyola (MoeHawk),Sainsgz,2-2-0,3-1-0,sainsgz,moehawk,sainsgz
35,ichyopoke2-2-0,0,1,Math Liu3-1-0,ichyopoke,Math Liu,2-2-0,3-1-0,tdonmt1989,ichyopoke,tdonmt1989
36,BraveVesperia2-2-0,0,1,sokesoke3-1-0,BraveVesperia,sokesoke,2-2-0,3-1-0,sokesoke,bravevesperia,sokesoke
37,Neo Erlandsson2-2-0,0,1,CasparWu09023-1-0,Neo Erlandsson,CasparWu0902,2-2-0,3-1-0,casparwu0902,neoerlandsson,casparwu0902
38,nomura2222222-2-0,0,1,jamen3-1-0,nomura222222,jamen,2-2-0,3-1-0,jamen,nomura222222,jamen
39,tridi02382-2-0,0,1,piavgc3-1-0,tridi0238,piavgc,2-2-0,3-1-0,piavgc,tridi0238,piavgc
40,alpaca2792-2-0,0,1,MrBacon3-1-0,alpaca279,MrBacon,2-2-0,3-1-0,mrbacon,alpaca279,mrbacon
41,Spring3-1-0,1,0,peke2-2-0,Spring,peke,3-1-0,2-2-0,spring,spring,peke
42,CHANG I-HSIANG3-1-0,1,0,Huntiemon2-2-0,CHANG I-HSIANG,Huntiemon,3-1-0,2-2-0,ted31625,ted31625,huntiemon
43,wing11173-1-0,1,0,kingslowking2-2-0,wing1117,kingslowking,3-1-0,2-2-0,wing1117,wing1117,kingslowking
44,Spectorian3-1-0,1,0,Ryota Saito2-2-0,Spectorian,Ryota Saito,3-1-0,2-2-0,spectorian,spectorian,mawssa2000
45,watanape3-1-0,1,0,Plutonicly2-2-0,watanape,Plutonicly,3-1-0,2-2-0,watanape,watanape,plutonicly
46,Shun Takahashi3-1-0,1,0,crestofmiracles2-2-0,Shun Takahashi,crestofmiracles,3-1-0,2-2-0,zero,zero,crestofmiracles
47,DorianStotts2-2-0,0,1,yukka22033-1-0,DorianStotts,yukka2203,2-2-0,3-1-0,yukka2203,dorianstotts,yukka2203
48,chris891-2-1,0,1,hbjtrevo2-1-1,chris89,hbjtrevo,1-2-1,2-1-1,hbjtrevo,chris89,hbjtrevo
49,BoxxxyIsHere2-1-1,1,0,ProfessorAshoka1-2-1,BoxxxyIsHere,ProfessorAshoka,2-1-1,1-2-1,boxxxyishere,boxxxyishere,professorashoka
50,Sahil P1-1-2,0,0,Yuien Feng Yap1-1-2,Sahil P,Yuien Feng Yap,1-1-2,1-1-2,0,vncmdu5d9q755ta7gteyq2aci,scoutjly
51,Eddie Reyes1-3-0,0,1,0xy4q2-2-0,Eddie Reyes,0xy4q,1-3-0,2-2-0,0xy4q,logik,0xy4q
52,TheRgGuy2-2-0,1,0,MegaArvydeo1-3-0,TheRgGuy,MegaArvydeo,2-2-0,1-3-0,thergguy,thergguy,megaarvydeo
53,Martin E2-2-0,1,0,Weston671-3-0,Martin E,Weston67,2-2-0,1-3-0,martinzander,martinzander,weston67
54,Edo09912-2-0,0,0,Jkizzil221-3-0,Edo0991,Jkizzil22,2-2-0,1-3-0,edo0991,edo0991,jkizzil22
55,Techster0112-2-0,1,0,Josh Frink1-3-0,Techster011,Josh Frink,2-2-0,1-3-0,techster011,techster011,dreamjew
56,asy8791-3-0,0,0,Natagorn19902-2-0,asy879,Natagorn1990,1-3-0,2-2-0,natagorn1990,asy879,natagorn1990
57,rockonfire181-3-0,0,1,none .2-2-0,rockonfire18,none .,1-3-0,2-2-0,palpitoat,rockonfire18,palpitoat
58,PolarJace2-2-0,0,0,SnortingElmo1-3-0,PolarJace,SnortingElmo,2-2-0,1-3-0,polarjace,polarjace,snortingelmo
59,facufacio2-2-0,1,0,Jo達o Victor1-3-0,facufacio,Jo達o Victor,2-2-0,1-3-0,facufacio,facufacio,ijaoi
60,kylelabrie2-2-0,0,0,Echelon1-3-0,kylelabrie,Echelon,2-2-0,1-3-0,kylelabrie,kylelabrie,echelon
61,Adam2222-2-0,1,0,jikarom1-3-0,Adam222,jikarom,2-2-0,1-3-0,adam222,adam222,jikarom
62,marcogarcia1-3-0,0,0,IronLion2-2-0,marcogarcia,IronLion,1-3-0,2-2-0,ironlion,marcogarcia,ironlion
63,maims1231-3-0,0,1,HuGamingHD2-2-0,maims123,HuGamingHD,1-3-0,2-2-0,hugaminghd,maims123,hugaminghd
64,THEPOSSU2-2-0,1,0,PhoenixYT98381-3-0,THEPOSSU,PhoenixYT9838,2-2-0,1-3-0,thepossu,thepossu,phoenixyt9838
65,Omar T2-2-0,1,0,Leolatta091-3-0,Omar T,Leolatta09,2-2-0,1-3-0,ccot,ccot,leolatta09
66,diamondsord0082-2-0,1,0,Mitchell J1-3-0,diamondsord008,Mitchell J,2-2-0,1-3-0,diamondsord008,diamondsord008,mitchelllj
67,BarbaricChu1-3-0,0,0,boltundtrainer2-2-0,BarbaricChu,boltundtrainer,1-3-0,2-2-0,boltundtrainer,barbaricchu,boltundtrainer
68,TMT20121-3-0,0,1,fejoagui2-2-0,TMT2012,fejoagui,1-3-0,2-2-0,fejoagui,tmt2012,fejoagui
69,MrToroTCG1-3-0,0,1,Bron092-2-0,MrToroTCG,Bron09,1-3-0,2-2-0,bron09,mrtorotcg,bron09
70,jossisadork1-3-0,0,1,LOCO2-2-0,jossisadork,LOCO,1-3-0,2-2-0,loco,jossisadork,loco
71,Rawcore2-2-0,1,0,Gio1-3-0,Rawcore,Gio,2-2-0,1-3-0,rawcore,rawcore,gio
72,Burn4u1-3-0,0,1,Thiccboi5032-2-0,Burn4u,Thiccboi503,1-3-0,2-2-0,thiccboi503,burn4u,thiccboi503
73,PokemonMountaineer2-2-0,0,0,Kosuke N0-3-1,PokemonMountaineer,Kosuke N,2-2-0,0-3-1,pokemonmountaineer,pokemonmountaineer,nomu
74,reshizard20201-2-1,1,0,Pokepino940-4-0,reshizard2020,Pokepino94,1-2-1,0-4-0,reshizard2020,reshizard2020,pokepino94
75,Gavin Z0-4-0,0,0,verkankeraar1-3-0,Gavin Z,verkankeraar,0-4-0,1-3-0,verkankeraar,yum0n,verkankeraar
76,Colin M端ller-Kersting1-3-0,1,0,leoozaca0-4-0,Colin M端ller-Kersting,leoozaca,1-3-0,0-4-0,mascine,mascine,leoozaca
77,tomrrr1-3-0,,,bye,tomrrr,*Bye*,1-3-0,N/A,tomrrr,tomrrr,*Bye*
