Pairing,Player 1,Player 1 Score,Player 2 Score,Player 2,Player 1 Name,Player 2 Name,Player 1 Record,Player 2 Record,Winner ID,Player 1 ID,Player 2 ID
1,nosoness4-0-0,1,0,HoldMyFeet3-1-0,nosoness,HoldMyFeet,4-0-0,3-1-0,nosoness,nosoness,holdmyfeet
2,cactusgreenlightpole 4-0-0,1,0,Bielcosta3-1-0,cactusgreenlightpole ,Bielcosta,4-0-0,3-1-0,ascotpokes,ascotpokes,bielcosta
3,Trenton S3-1-0,0,1,TGaskill164-0-0,Trenton S,TGaskill16,3-1-0,4-0-0,tgaskill16,waterman999,tgaskill16
4,newton04283-1-0,0,1,Mahh64-0-0,newton0428,Mahh6,3-1-0,4-0-0,mahh6,newton0428,mahh6
5,YingLa3-1-0,0,1,Didoyjf4-0-0, YingLa,Didoyjf,3-1-0,4-0-0,didoyjf,no22159550,didoyjf
6,facufacio3-1-0,0,1,Nathan Ginsburg4-0-0,facufacio,Nathan Ginsburg,3-1-0,4-0-0,ngtcg,facufacio,ngtcg
7,Artic3-1-0,0,1,MoritzGattaz4-0-0,Artic,MoritzGattaz,3-1-0,4-0-0,moritzgattaz,artic,moritzgattaz
8,Uapha3-1-0,0,1,Ryan Simons4-0-0,Uapha,Ryan Simons,3-1-0,4-0-0,variedits,uapha,variedits
9,James Simms4-0-0,1,0,Josh Stapler3-1-0,James Simms,Josh Stapler,4-0-0,3-1-0,4600737,4600737,aestheticallyjosh
10,FruitSmootie4-0-0,1,0,APackOfAlpacas3-1-0,FruitSmootie,APackOfAlpacas,4-0-0,3-1-0,fruitsmootie,fruitsmootie,apackofalpacas
11,Jordan B3-1-0,0,1,Juan T4-0-0,Jordan B,Juan T,3-1-0,4-0-0,evanbastian,xvjordie,evanbastian
12,mecaga4-0-0,1,0,amt87873-1-0,mecaga,amt8787,4-0-0,3-1-0,mecaga,mecaga,amt8787
13,plooopy4-0-0,1,0,hgibbon133-1-0,plooopy,hgibbon13,4-0-0,3-1-0,plooopy,plooopy,hgibbon13
14,Wsnedaker3-1-0,0,1,Ian Fukuda4-0-0,Wsnedaker,Ian Fukuda,3-1-0,4-0-0,ianfukuda,wsnedaker,ianfukuda
15,Bossman24-0-0,1,0,Hayden Matthews3-1-0,Bossman2,Hayden Matthews,4-0-0,3-1-0,bossman2,bossman2,hdos39
16,Kara Thea4-0-0,1,0,VXNOM013-1-0,Kara Thea,VXNOM01,4-0-0,3-1-0,undauntedhound,undauntedhound,vxnom01
17,ColinFerguson4-0-0,1,0,Zach Forjette3-1-0,ColinFerguson,Zach Forjette,4-0-0,3-1-0,colinferguson,colinferguson,zachforjette
18,Hman4-0-0,1,0,TyePlaysTcg3-1-0,Hman,TyePlaysTcg,4-0-0,3-1-0,hman,hman,tyeplaystcg
19,TaxiCabbage4-0-0,1,0,Huffer3-1-0,TaxiCabbage,Huffer,4-0-0,3-1-0,taxicabbage,taxicabbage,huffer
20,topadeckplz4-0-0,1,0,butadbut3-1-0,topadeckplz,butadbut,4-0-0,3-1-0,topadeckplz,topadeckplz,butadbut
21,Carlosvieira3-0-1,1,0,dinlge80082-1-1,Carlosvieira,dinlge8008,3-0-1,2-1-1,carlosvieira,carlosvieira,dinlge8008
22,KpeTic3-0-1,1,0,goldenboyx2-2-0,KpeTic,goldenboyx,3-0-1,2-2-0,kpetic,kpetic,goldenboyx
23,Leadlomas2-2-0,0,1,Jobbermann3-1-0,Leadlomas,Jobbermann,2-2-0,3-1-0,jobbermann,leadlomas,jobbermann
24,p818182-2-0,0,1,mrmooshoes3-1-0,p81818,mrmooshoes,2-2-0,3-1-0,mrmooshoes,p81818,mrmooshoes
25,Tyler Crouthamel3-1-0,1,0,LilCrakMunchkin2-2-0,Tyler Crouthamel,LilCrakMunchkin,3-1-0,2-2-0,tcrouty98,tcrouty98,lilcrakmunchkin
26,ichie1002-2-0,0,1,RiotTown3-1-0,ichie100,RiotTown,2-2-0,3-1-0,riottown,ichie100,riottown
27,kaiba083-1-0,1,0,ryoniyk2-2-0,kaiba08,ryoniyk,3-1-0,2-2-0,kaiba08,kaiba08,ryoniyk
28,TeachMePokemonPodcast2-2-0,0,1,Daniel S3-1-0,TeachMePokemonPodcast,Daniel S,2-2-0,3-1-0,dannydsan,teachmepokemonpodcast,dannydsan
29,FishFry2-2-0,0,1,Fitypaldis3-1-0,FishFry,Fitypaldis,2-2-0,3-1-0,fitypaldis,fishfry,fitypaldis
30,melfo2-2-0,0,1,TheRicardoToddy3-1-0,melfo,TheRicardoToddy,2-2-0,3-1-0,thericardotoddy,melfo,thericardotoddy
31,Mcalmic2-2-0,0,1,Axel Godoy3-1-0,Mcalmic,Axel Godoy,2-2-0,3-1-0,raxelgt,mcalmic,raxelgt
32,chingpaq2-2-0,0,1,Patrick Scharff3-1-0,chingpaq,Patrick Scharff,2-2-0,3-1-0,pscharff,chingpaq,pscharff
33,Rory Sharpe3-1-0,1,0,firespread32-2-0,Rory Sharpe,firespread3,3-1-0,2-2-0,stazzy69,stazzy69,firespread3
34,Luna Y3-1-0,1,0,lenincg2-2-0,Luna Y,lenincg,3-1-0,2-2-0,pikachu369248,pikachu369248,lenincg
35,ClickMalware2-2-0,0,1,Gabriel Padinha3-1-0,ClickMalware,Gabriel Padinha,2-2-0,3-1-0,calkab,clickmalware,calkab
36,Diazluie2-2-0,0,1,Júnio Fernandes3-1-0,Diazluie,Júnio Fernandes,2-2-0,3-1-0,juniogof,diazluie,juniogof
37,EvanCampbell943-1-0,1,0,Flynnus892-2-0,EvanCampbell94,Flynnus89,3-1-0,2-2-0,evancampbell94,evancampbell94,flynnus89
38,ESPride2-2-0,0,1,ChronoZero3-1-0,ESPride,ChronoZero,2-2-0,3-1-0,chronozero,espride,chronozero
39,Joe Higashi3-1-0,1,0,Mitchell J2-2-0,Joe Higashi,Mitchell J,3-1-0,2-2-0,rotaryrocket,rotaryrocket,mitchelllj
40,Avalanche2-2-0,0,1,GAP Bruno Souza3-1-0,Avalanche,GAP Bruno Souza,2-2-0,3-1-0,bhhenriques,avalanche,bhhenriques
41,DeckwizardVictim993-1-0,1,0,Savid4002-2-0,DeckwizardVictim99,Savid400,3-1-0,2-2-0,deckwizardvictim99,deckwizardvictim99,savid400
42,DorianStotts2-2-0,0,1,Ira P3-1-0,DorianStotts,Ira P,2-2-0,3-1-0,ira9999,dorianstotts,ira9999
43,Hooligan8353-1-0,1,0,Gioele D2-2-0,Hooligan835,Gioele D,3-1-0,2-2-0,hooligan835,hooligan835,gio
44,Evan P3-1-0,1,0,Xann1012-2-0,Evan P,Xann101,3-1-0,2-2-0,evanp,evanp,xann101
45,GODDO73-1-0,1,0,Kashvinder Singh Mann2-2-0,GODDO7,Kashvinder Singh Mann,3-1-0,2-2-0,goddo7,goddo7,kashmann27
46,roshisan152-2-0,0,1,littledarkfury3-1-0,roshisan15,littledarkfury,2-2-0,3-1-0,littledarkfury,roshisan15,littledarkfury
47,Cyrus Davis3-1-0,1,0,maguimaster2-2-0,Cyrus Davis,maguimaster,3-1-0,2-2-0,cyrusnwo,cyrusnwo,maguimaster
48,CLWNNux2-2-0,0,1,Brandon Jones3-1-0,CLWNNux,Brandon Jones,2-2-0,3-1-0,brandonjones,clwnnux,brandonjones
49,ShadowSeeker172-2-0,0,1,Jacob Weber3-1-0,ShadowSeeker17,Jacob Weber,2-2-0,3-1-0,jwebz,shadowseeker17,jwebz
50,Ryan Biggs2-2-0,0,1,LightningLeo3693-1-0,Ryan Biggs,LightningLeo369,2-2-0,3-1-0,lightningleo369,biggsbelike,lightningleo369
51,. medi2-2-0,0,1,Muutley3-1-0,. medi,Muutley,2-2-0,3-1-0,muutley,owohunt,muutley
52,Lapsy3-1-0,1,0,SrKazu2-2-0,Lapsy,SrKazu,3-1-0,2-2-0,lapsy,lapsy,srkazu
53,CitingSnake3-1-0,1,0,Zac C2-2-0,CitingSnake,Zac C,3-1-0,2-2-0,citingsnake,citingsnake,globaltrainer71
54,Jonathan Patricio Ch.2-2-0,0,1,marcogarcia3-1-0,Jonathan Patricio Ch.,marcogarcia,2-2-0,3-1-0,marcogarcia,jonah2705,marcogarcia
55,Coal2-2-0,0,1,PinkOnion13-1-0,Coal,PinkOnion1,2-2-0,3-1-0,pinkonion1,coal,pinkonion1
56,fortenat3-1-0,1,0,blacknova7142-2-0,fortenat,blacknova714,3-1-0,2-2-0,fortenat,fortenat,blacknova714
57,realmccoyWVU2-2-0,0,1,PikaPikaCrew3-1-0,realmccoyWVU,PikaPikaCrew,2-2-0,3-1-0,pikapikacrew,realmccoywvu,pikapikacrew
58,TcgTom3-1-0,1,0,direathena2-2-0,TcgTom,direathena,3-1-0,2-2-0,tcgtom,tcgtom,direathena
59,superpeeper32-2-0,0,1,Ethan Colborn3-1-0,superpeeper3,Ethan Colborn,2-2-0,3-1-0,godmaster,superpeeper3,godmaster
60,RealAB73-1-0,1,0,Capcrew2-2-0,RealAB7,Capcrew,3-1-0,2-2-0,realab7,realab7,capcrew
61,andrewdias3-1-0,1,0,Matt Vandersluys2-2-0,andrewdias,Matt Vandersluys,3-1-0,2-2-0,andrewdias,andrewdias,cxndr
62,Megaadrian172-2-0,0,1,Garrett Brodeur3-1-0,Megaadrian17,Garrett Brodeur,2-2-0,3-1-0,garebearcards,megaadrian17,garebearcards
63,James Arnold3-1-0,1,0,Mark Marullo2-2-0,James Arnold,Mark Marullo,3-1-0,2-2-0,wames,wames,markofino
64,Violet60162-2-0,0,1,NRG allezliverpool3-1-0,Violet6016,NRG allezliverpool,2-2-0,3-1-0,allezliverpool69,violet6016,allezliverpool69
65,CannedKiwi2-2-0,0,1,Greninjaboi3-1-0,CannedKiwi,Greninjaboi,2-2-0,3-1-0,greninjaboi,cannedkiwi,greninjaboi
66,KarinNon3-1-0,1,0,Solomon Shurge2-2-0,KarinNon,Solomon Shurge,3-1-0,2-2-0,karinnon,karinnon,freedomfightre
67,Katnoaga2-2-0,0,1,VolcanTurtleTCG3-1-0,Katnoaga,VolcanTurtleTCG,2-2-0,3-1-0,volcanturtletcg,katnoaga,volcanturtletcg
68,LuisPedroFE3-1-0,1,0,owntempo2-2-0,LuisPedroFE,owntempo,3-1-0,2-2-0,luispedrofe,luispedrofe,owntempo
69,Jordan Campbell3-1-0,1,0,Sam M2-2-0,Jordan Campbell,Sam M,3-1-0,2-2-0,lololllnv,lololllnv,sammcninch
70,KyleKorver2-2-0,0,1,Zakwani Clay3-1-0,KyleKorver,Zakwani Clay,2-2-0,3-1-0,dynamitehorse,kylekorver,dynamitehorse
71,Boosterrooster222-2-0,0,1,kkrueger913-1-0,Boosterrooster22,kkrueger91,2-2-0,3-1-0,kkrueger91,boosterrooster22,kkrueger91
72,Jawn3-1-0,1,0,huntercole352-2-0,Jawn,huntercole35,3-1-0,2-2-0,jawn,jawn,huntercole35
73,bosnianbeast772-2-0,0,1,Gabe Shumway3-1-0,bosnianbeast77,Gabe Shumway,2-2-0,3-1-0,gabeshumway,bosnianbeast77,gabeshumway
74,SeamooseA3-1-0,1,0,kenneth kinsman2-2-0,SeamooseA,kenneth kinsman,3-1-0,2-2-0,seamoosea,seamoosea,excalibur1478
75,inosoycarly3-1-0,1,0,Evolution2-2-0,inosoycarly,Evolution,3-1-0,2-2-0,inosoycarly,inosoycarly,evolution
76,castereedlin1-0-3,0,0,Alakanixon411-1-2,castereedlin,Alakanixon41,1-0-3,1-1-2,0,castereedlin,alakanixon41
77,awwvince2-1-1,1,0,superkev981-2-1,awwvince,superkev98,2-1-1,1-2-1,awwvince,awwvince,superkev98
78,Shyboi1-3-0,0,1,CrystalPepsiii2-2-0,Shyboi,CrystalPepsiii,1-3-0,2-2-0,crystalpepsiii,shyboi,crystalpepsiii
79,fernandoptcg1-3-0,0,1,PianoFish2-2-0,fernandoptcg,PianoFish,1-3-0,2-2-0,pianofish,fernandoptcg,pianofish
80,Juan Candisano1-3-0,0,1,16RedGunner2-2-0,Juan Candisano,16RedGunner,1-3-0,2-2-0,16redgunner,juankcandi,16redgunner
81,Aidan M2-2-0,0,0,Daniel R1-3-0,Aidan M,Daniel R,2-2-0,1-3-0,kingcobra,kingcobra,dannydstk
82,Elmenor212-2-0,0,0,Kmart121-3-0,Elmenor21,Kmart12,2-2-0,1-3-0,elmenor21,elmenor21,kmart12
83,André D1-3-0,0,1,akanettipoke2-2-0,André D,akanettipoke,1-3-0,2-2-0,akanettipoke,grimpaku,akanettipoke
84,Blastobro1-3-0,0,1,Michael Pagnozzi2-2-0,Blastobro,Michael Pagnozzi,1-3-0,2-2-0,pagzu,blastobro,pagzu
85,DaredevilGugu2-2-0,1,0,Vicente Canales-Loyola (MoeHawk)1-3-0,DaredevilGugu,Vicente Canales-Loyola (MoeHawk),2-2-0,1-3-0,daredevilgugu,daredevilgugu,moehawk
86,Jennarenae1-3-0,0,1,DragoniteHoarder2-2-0,Jennarenae,DragoniteHoarder,1-3-0,2-2-0,dragonitehoarder,jennarenae,dragonitehoarder
87,Iyla Sutherland2-2-0,1,0,SirRmor1-3-0,Iyla Sutherland,SirRmor,2-2-0,1-3-0,joshuasutherland21,joshuasutherland21,sirrmor
88,lmaiola2-2-0,0,0,likeollywithab1-3-0,lmaiola,likeollywithab,2-2-0,1-3-0,lmaiola,lmaiola,likeollywithab
89,AbizmalEx2-2-0,1,0,Jahoostis1-3-0,AbizmalEx,Jahoostis,2-2-0,1-3-0,abizmalex,abizmalex,jahoostis
90,RA4121-3-0,0,1,Dr.Stone From Doctor Stone2-2-0,RA412,Dr.Stone From Doctor Stone,1-3-0,2-2-0,noahs,ra412,noahs
91,Paul Margold2-2-0,1,0,JackDaniel7891-3-0,Paul Margold,JackDaniel789,2-2-0,1-3-0,pmplays1089,pmplays1089,jackdaniel789
92,Trooper022-2-0,1,0,GalarianDyl1-3-0,Trooper02,GalarianDyl,2-2-0,1-3-0,trooper02,trooper02,galariandyl
93,joshua22721-3-0,0,1,clonazepanda2-2-0,joshua2272,clonazepanda,1-3-0,2-2-0,clonazepanda,joshua2272,clonazepanda
94,Chrisandwich2-2-0,1,0,demxennies1-3-0,Chrisandwich,demxennies,2-2-0,1-3-0,chrisandwich,chrisandwich,demxennies
95,Seadek1-3-0,0,0,Evanbutpurple2-2-0,Seadek,Evanbutpurple,1-3-0,2-2-0,evanbutpurple,seadek,evanbutpurple
96,Heustor1-3-0,0,1,Sniteposhx2-2-0,Heustor,Sniteposhx,1-3-0,2-2-0,sniteposhx,heustor,sniteposhx
97,Morgan Abreu2-2-0,0,0,anthonysalerno1-3-0,Morgan Abreu,anthonysalerno,2-2-0,1-3-0,momaster13,momaster13,anthonysalerno
98,A K2-2-0,1,0,GrannyPie1-3-0,A K,GrannyPie,2-2-0,1-3-0,ajkerkman,ajkerkman,grannypie
99,Vikoto2-2-0,1,0,Nimno1-3-0,Vikoto,Nimno,2-2-0,1-3-0,vikoto,vikoto,nimno
100,KsRain2-2-0,1,0,Loc Nguyen1-3-0,KsRain,Loc Nguyen,2-2-0,1-3-0,ksrain,ksrain,lnguyen0750
101,Birb2-2-0,0,0,Joselo1-3-0,Birb,Joselo,2-2-0,1-3-0,birb,birb,joselo
102,HuGamingHD1-3-0,0,1,MaxEvil952-2-0,HuGamingHD,MaxEvil95,1-3-0,2-2-0,maxevil95,hugaminghd,maxevil95
103,mkirby1-3-0,0,1,carefuldanger2-2-0,mkirby,carefuldanger,1-3-0,2-2-0,carefuldanger,mkirby,carefuldanger
104,SwagLordRyan1-3-0,0,1,FrankiTechGeek2-2-0,SwagLordRyan,FrankiTechGeek,1-3-0,2-2-0,frankitechgeek,swaglordryan,frankitechgeek
105,Blackstar7771-3-0,0,1,jakenewton2-2-0,Blackstar777,jakenewton,1-3-0,2-2-0,jakenewton,blackstar777,jakenewton
106,Nelson Guillen2-2-0,1,0,Corey Blankenship1-3-0,Nelson Guillen,Corey Blankenship,2-2-0,1-3-0,moxyroxie,moxyroxie,coreyology
107,Gualo2-2-0,1,0,melon4201-3-0,Gualo,melon420,2-2-0,1-3-0,gualo,gualo,melon420
108,Bodhi2-2-0,1,0,eldante851-3-0,Bodhi,eldante85,2-2-0,1-3-0,bodhi,bodhi,eldante85
109,Arkenspire1-3-0,0,1,Lorenzo Gomez2-2-0,Arkenspire,Lorenzo Gomez,1-3-0,2-2-0,sailence,arkenspire,sailence
110,Patrick Rampton1-3-0,0,0,daycamp2-2-0,Patrick Rampton,daycamp,1-3-0,2-2-0,daycamp,brokenfemurs,daycamp
111,pokedxtr1-3-0,0,1,Alexmon2-2-0,pokedxtr,Alexmon,1-3-0,2-2-0,alexmon,pokedxtr,alexmon
112,585unone1-3-0,0,0,RA4112-2-0,585unone,RA411,1-3-0,2-2-0,ra411,585unone,ra411
113,Joe Forjette2-2-0,1,0,Jared Grimes1-3-0,Joe Forjette,Jared Grimes,2-2-0,1-3-0,benkittenracer,benkittenracer,jaredlgrimes
114,GuiARCF1-3-0,0,1,Keller H2-2-0,GuiARCF,Keller H,1-3-0,2-2-0,22lava44,guiarcf,22lava44
115,Famous942-2-0,1,0,ghoulatnite0-4-0,Famous94,ghoulatnite,2-2-0,0-4-0,famous94,famous94,ghoulatnite
116,BeanTM0-4-0,0,1,Cobi Kawasaki1-3-0,BeanTM,Cobi Kawasaki,0-4-0,1-3-0,97kirby,beantm,97kirby
117,aleexdouglas0-4-0,0,0,chriis11-3-0,aleexdouglas,chriis1,0-4-0,1-3-0,chriis1,aleexdouglas,chriis1
118,Omar T1-3-0,1,0,DWhite890-4-0,Omar T,DWhite89,1-3-0,0-4-0,ccot,ccot,dwhite89
119,grainst0-4-0,0,0,Elgranboti1-3-0,grainst,Elgranboti,0-4-0,1-3-0,elgranboti,grainst,elgranboti
120,DiegoKirigaya1-3-0,,,bye,DiegoKirigaya,*Bye*,1-3-0,N/A,diegokirigaya,diegokirigaya,*Bye*
