Pairing,Player 1,Player 1 Score,Player 2 Score,Player 2,Player 1 Name,Player 2 Name,Player 1 Record,Player 2 Record,Winner ID,Player 1 ID,Player 2 ID
1,Enma086-0-0,1,0,DregnSleyr5-1-0,Enma08,DregnSleyr,6-0-0,5-1-0,enma08,enma08,dregnsleyr
2,Aaron Gaudet5-1-0,0,1,Juan T6-0-0,Aaron Gaudet,Juan T,5-1-0,6-0-0,evanbastian,gaudet601,evanbastian
3,Zach Cohen5-1-0,0,1,coronelzeta6-0-0,Zach Cohen,coronelzeta,5-1-0,6-0-0,coronelzeta,zbear1109,coronelzeta
4,Iamtherealstory7776-0-0,1,0,ninjadrake4-1-1,Iamtherealstory777,ninjadrake,6-0-0,4-1-1,iamtherealstory777,iamtherealstory777,ninjadrake
5,Josh A4-1-1,0,1,Marck2615-1-0,Josh A,Marck261,4-1-1,5-1-0,marck261,alvarezjjosh96,marck261
6,Nagii5-1-0,1,0,Brett Stratton4-2-0,Nagii,Brett Stratton,5-1-0,4-2-0,nagii,nagii,bretts
7,Waylon Stephens5-1-0,1,0,LM4-2-0,Waylon Stephens,LM,5-1-0,4-2-0,waylonrandom,waylonrandom,lm
8,Savid4005-1-0,1,0,Jared W4-2-0,Savid400,Jared W,5-1-0,4-2-0,savid400,savid400,jwils4
9,Drandonbean024-2-0,0,1,Kashvinder Singh5-1-0,Drandonbean02,Kashvinder Singh,4-2-0,5-1-0,kashmann27,drandonbean02,kashmann27
10,Ui Shigure4-2-0,0,1,tiger13115-1-0,Ui Shigure,tiger1311,4-2-0,5-1-0,tiger1311,edgevnv,tiger1311
11,Arturito4-2-0,0,1,RyanM5-1-0,Arturito,RyanM,4-2-0,5-1-0,ryanm,arturito,ryanm
12,CarlosE4-2-0,0,1,Vaughn5-1-0,CarlosE,Vaughn,4-2-0,5-1-0,vaughn,carlose,vaughn
13,Alex Schemanske4-2-0,0,1,Darsh S5-1-0,Alex Schemanske,Darsh S,4-2-0,5-1-0,darshs1008,mewpip,darshs1008
14,allezliverpool695-1-0,1,0,DorianStotts4-2-0,allezliverpool69,DorianStotts,5-1-0,4-2-0,allezliverpool69,allezliverpool69,dorianstotts
15,Zach Roy5-1-0,1,0,PinkQuaker4-2-0,Zach Roy,PinkQuaker,5-1-0,4-2-0,senordoom,senordoom,pinkquaker
16,Cal Connor4-2-0,0,1,MintMermaid5-1-0,Cal Connor,MintMermaid,4-2-0,5-1-0,mintmermaid,calcal206,mintmermaid
17,tunuTCG5-1-0,1,0,Cheech9274-2-0,tunuTCG,Cheech927,5-1-0,4-2-0,tunutcg,tunutcg,cheech927
18,bryant setzler5-1-0,1,0,towel-dimension 4-2-0,bryant setzler,towel-dimension ,5-1-0,4-2-0,bsetzlertattoo,bsetzlertattoo,mellowmountain7
19,5 FOR A DUB5-1-0,1,0,Sethowar4-2-0,5 FOR A DUB,Sethowar,5-1-0,4-2-0,geissleralec,geissleralec,sethowar
20,JorgeR5-1-0,1,0,axellvarez4-2-0,JorgeR,axellvarez,5-1-0,4-2-0,jorger,jorger,axellvarez
21,Josh Cohen5-1-0,1,0,Gabriel Pino Semedo4-2-0,Josh Cohen,Gabriel Pino Semedo,5-1-0,4-2-0,jcohenwc,jcohenwc,gabrielsemedo
22,boosakk695-1-0,1,0,Ajolt4-2-0,boosakk69,Ajolt,5-1-0,4-2-0,boosakk69,boosakk69,ajolt
23,Utility4-2-0,0,1,nagatomo4-1-1,Utility,nagatomo,4-2-0,4-1-1,nagatomo,utility,nagatomo
24,Nicholas Homa4-1-1,1,0,Luke Morsa3-2-1,Nicholas Homa,Luke Morsa,4-1-1,3-2-1,aquiladisicilia,aquiladisicilia,celiosnetwork
25,ChillTCG3-1-2,0,0,littledarkfury3-1-2,ChillTCG,littledarkfury,3-1-2,3-1-2,0,chilltcg,littledarkfury
26,Charlie Kerr3-3-0,0,1,APackOfAlpacas4-2-0,Charlie Kerr,APackOfAlpacas,3-3-0,4-2-0,apackofalpacas,kerrcharlie,apackofalpacas
27,RebelAli4-2-0,1,0,MartinHoffo3-3-0,RebelAli,MartinHoffo,4-2-0,3-3-0,rebelali,rebelali,martinhoffo
28,kaiba084-2-0,1,0,Alex Hamilton3-3-0,kaiba08,Alex Hamilton,4-2-0,3-3-0,kaiba08,kaiba08,omegascizor456
29,Cube4-2-0,1,0,Lucas O3-3-0,Cube,Lucas O,4-2-0,3-3-0,cube,cube,aoldale
30,BlueJet244-2-0,1,0,Mario Yanez3-3-0,BlueJet24,Mario Yanez,4-2-0,3-3-0,bluejet24,bluejet24,marioyanez
31,GABRIEL233-3-0,0,1,xerneas123524-2-0,GABRIEL23,xerneas12352,3-3-0,4-2-0,xerneas12352,gabriel23,xerneas12352
32,AlexandreORAND4-2-0,1,0,Connor Ott3-3-0,AlexandreORAND,Connor Ott,4-2-0,3-3-0,alexandreorand,alexandreorand,talonflame23185
33,CorviKnightFC4-2-0,1,0,bencryer3-3-0,CorviKnightFC,bencryer,4-2-0,3-3-0,corviknightfc,corviknightfc,bencryer
34,EvanCampbell944-2-0,1,0,DarklordJazz3-3-0,EvanCampbell94,DarklordJazz,4-2-0,3-3-0,evancampbell94,evancampbell94,darklordjazz
35,Cody Burns3-3-0,0,1,fryeguy674-2-0,Cody Burns,fryeguy67,3-3-0,4-2-0,fryeguy67,icewolf,fryeguy67
36,pjwitusik3-3-0,0,1,frankibby4-2-0,pjwitusik,frankibby,3-3-0,4-2-0,frankibby,pjwitusik,frankibby
37,SeoulTCG4-2-0,1,0,Brandon M3-3-0,SeoulTCG,Brandon M,4-2-0,3-3-0,seoultcg,seoultcg,pok3fanatic
38,Dan Perez3-3-0,0,0,Akiyama7774-2-0,Dan Perez,Akiyama777,3-3-0,4-2-0,akiyama777,notoriousd13,akiyama777
39,Natagorn19904-2-0,1,0,Britney Spears3-3-0,Natagorn1990,Britney Spears,4-2-0,3-3-0,natagorn1990,natagorn1990,tathenz
40,TempestFang3753-3-0,0,1,Johnny Rabus4-2-0,TempestFang375,Johnny Rabus,3-3-0,4-2-0,inferno,tempestfang375,inferno
41,wakingeyes3-3-0,0,1,Sorry Bout That4-2-0,wakingeyes,Sorry Bout That,3-3-0,4-2-0,brandonsalazar,wakingeyes,brandonsalazar
42,Alex C4-2-0,1,0,Bruno Zolin3-3-0,Alex C,Bruno Zolin,4-2-0,3-3-0,pandaboss58,pandaboss58,bzolinr
43,PkMnMasterKlaus3-3-0,0,1,Kevin Abernathy4-2-0,PkMnMasterKlaus,Kevin Abernathy,3-3-0,4-2-0,kevbot719,pkmnmasterklaus,kevbot719
44,LionFishLover4-2-0,1,0,Ursiidae3-3-0,LionFishLover,Ursiidae,4-2-0,3-3-0,lionfishlover,lionfishlover,ursiidae
45,Xavier E3-3-0,0,1,Jonathan Patricio Ch.4-2-0,Xavier E,Jonathan Patricio Ch.,3-3-0,4-2-0,jonah2705,xabro,jonah2705
46,Joshua Sutherland3-3-0,0,1,James Simms4-2-0,Joshua Sutherland,James Simms,3-3-0,4-2-0,4600737,joshuasutherland21,4600737
47,Adam  Kalamat 4-2-0,1,0,Machal3-3-0,Adam  Kalamat ,Machal,4-2-0,3-3-0,adamkalamat,adamkalamat,machal
48,Julio Jimenez3-3-0,0,0,Chrome20134-2-0,Julio Jimenez,Chrome2013,3-3-0,4-2-0,chrome2013,owohunt,chrome2013
49,ultraarceus4-2-0,1,0,Anti3-3-0,ultraarceus,Anti,4-2-0,3-3-0,ultraarceus,ultraarceus,anti
50,Vina4-2-0,1,0,goomy473-3-0,Vina,goomy47,4-2-0,3-3-0,vina,vina,goomy47
51,DeadSpace3-3-0,0,1,Liam Kidd4-2-0,DeadSpace,Liam Kidd,3-3-0,4-2-0,liamkidd,deadspace,liamkidd
52,Doubllez4-2-0,1,0,mkirby3-3-0,Doubllez,mkirby,4-2-0,3-3-0,doubllez,doubllez,mkirby
53,Darceloix4-2-0,1,0,demetrioneto3-3-0,Darceloix,demetrioneto,4-2-0,3-3-0,darceloix,darceloix,demetrioneto
54,wy keen4-2-0,1,0,CHEF3-3-0,wy keen,CHEF,4-2-0,3-3-0,wykeen1994,wykeen1994,chef
55,MasterLeBui4-2-0,1,0,HoodiePTCG3-3-0,MasterLeBui,HoodiePTCG,4-2-0,3-3-0,masterlebui,masterlebui,hoodieptcg
56,TheRicardoToddy4-2-0,1,0,TrevorC20213-3-0,TheRicardoToddy,TrevorC2021,4-2-0,3-3-0,thericardotoddy,thericardotoddy,trevorc2021
57,FlowTKast4-2-0,1,0,Dcintell2-2-2,FlowTKast,Dcintell,4-2-0,2-2-2,flowtkast,flowtkast,dcintell
58,Arags2-3-1,0,1,waruchan3-2-1,Arags,waruchan,2-3-1,3-2-1,waruchan,arags,waruchan
59,PokeDRUMMER972-3-1,0,1,Henrique Jorge3-2-1,PokeDRUMMER97,Henrique Jorge,2-3-1,3-2-1,hbjtrevo,pokedrummer97,hbjtrevo
60,Alex4champion2-3-1,0,0,jh9wang3-2-1,Alex4champion,jh9wang,2-3-1,3-2-1,jh9wang,alex4champion,jh9wang
61,TCwhitedragon2-3-1,0,1,GabrielSmartTCG3-2-1,TCwhitedragon,GabrielSmartTCG,2-3-1,3-2-1,gabrielsmarttcg,tcwhitedragon,gabrielsmarttcg
