Pairing,Player 1,Player 1 Score,Player 2 Score,Player 2,Player 1 Name,Player 2 Name,Player 1 Record,Player 2 Record,Winner ID,Player 1 ID,Player 2 ID
1,AnotherR2-0-0,1,0,Luke Morsa1-1-0,AnotherR,Luke Morsa,2-0-0,1-1-0,anotherr,anotherr,celiosnetwork
2,4r4mizz1-1-0,0,1,Timothy Madison2-0-0,4r4mizz,Timothy Madison,1-1-0,2-0-0,linoleumcrab,4r4mizz,linoleumcrab
3,Nagii2-0-0,1,0,Andrew S1-1-0,Nagii,Andrew S,2-0-0,1-1-0,nagii,nagii,ascotpokes
4,PerfectPenguin71-1-0,0,1,Douglas McFarland2-0-0,PerfectPenguin7,Douglas McFarland,1-1-0,2-0-0,dougiefresh35,perfectpenguin7,dougiefresh35
5,MegaRyo2-0-0,1,0,Memorroide691-1-0,MegaRyo,Memorroide69,2-0-0,1-1-0,megaryo,megaryo,memorroide69
6,TraviiLeee1-1-0,0,1,rad1442-0-0,TraviiLeee,rad144,1-1-0,2-0-0,rad144,traviileee,rad144
7,rayhan haidar1-1-0,0,1,irvintyes2-0-0,rayhan haidar,irvintyes,1-1-0,2-0-0,irvintyes,shmkzhan,irvintyes
8,innocento9892-0-0,1,0,Ryan P1-1-0,innocento989,Ryan P,2-0-0,1-1-0,innocento989,innocento989,eevee5307
9,Railton2-0-0,1,0,PescadorFlipper1-1-0,Railton,PescadorFlipper,2-0-0,1-1-0,railton,railton,pescadorflipper
10,Ryan Tan2-0-0,1,0,Dylan Larson1-1-0,Ryan Tan,Dylan Larson,2-0-0,1-1-0,rtyk1,rtyk1,sirclag
11,Rory Sharpe1-1-0,0,1,Hawtie2-0-0,Rory Sharpe,Hawtie,1-1-0,2-0-0,hawtie,stazzy69,hawtie
12,roppp72-0-0,1,0,biingoo171-1-0,roppp7,biingoo17,2-0-0,1-1-0,roppp7,roppp7,biingoo17
13,tlacatsune1-1-0,0,1,goomy472-0-0,tlacatsune,goomy47,1-1-0,2-0-0,goomy47,tlacatsune,goomy47
14,regu bodenblender1-1-0,0,1,jpmcclure972-0-0,regu bodenblender,jpmcclure97,1-1-0,2-0-0,jpmcclure97,iontail,jpmcclure97
15,Ayoed1-1-0,0,1,AS2-0-0,Ayoed,AS,1-1-0,2-0-0,as,ayoed,as
16,Caldwell312-0-0,1,0,Jeferson nunes1-1-0,Caldwell31,Jeferson nunes,2-0-0,1-1-0,caldwell31,caldwell31,alemaotcg
17,Erik J1-1-0,0,1,luigylira2-0-0,Erik J,luigylira,1-1-0,2-0-0,luigylira,azmx157,luigylira
18,zattack101-1-0,0,1,xtracrispy832-0-0,zattack10,xtracrispy83,1-1-0,2-0-0,xtracrispy83,zattack10,xtracrispy83
19,Roastbeefus2-0-0,1,0,channels051-1-0,Roastbeefus,channels05,2-0-0,1-1-0,roastbeefus,roastbeefus,channels05
20,Rentao1-1-0,0,1,Nowe2-0-0,Rentao,Nowe,1-1-0,2-0-0,nowe,rentao,nowe
21,Juan Andree1-1-0,0,1,Mathew Masefield2-0-0,Juan Andree,Mathew Masefield,1-1-0,2-0-0,mattynate,juanandree,mattynate
22,Gabriel Fernandez { raio120 }2-0-0,1,0,JosephGambit1-1-0,Gabriel Fernandez { raio120 },JosephGambit,2-0-0,1-1-0,raio120,raio120,josephgambit
23,aus17262-0-0,1,0,Dan Perez1-1-0,aus1726,Dan Perez,2-0-0,1-1-0,aus1726,aus1726,notoriousd13
24,mille12162-0-0,1,0,KanoaKid1-1-0,mille1216,KanoaKid,2-0-0,1-1-0,mille1216,mille1216,kanoakid
25,ONelixx2-0-0,1,0,kazki1-1-0,ONelixx,kazki,2-0-0,1-1-0,onelixx,onelixx,kazki
26,Ira P1-1-0,0,1,Cole Lewis2-0-0,Ira P,Cole Lewis,1-1-0,2-0-0,bigcole,ira9999,bigcole
27,Huffer2-0-0,1,0,Gaheron04181-1-0,Huffer,Gaheron0418,2-0-0,1-1-0,huffer,huffer,gaheron0418
28,Mao AlphaTyrant1-1-0,0,1,bryant setzler2-0-0,Mao AlphaTyrant,bryant setzler,1-1-0,2-0-0,bsetzlertattoo,julitodavila,bsetzlertattoo
29,Frankthetanktcg2-0-0,1,0,Drancron1-1-0,Frankthetanktcg,Drancron,2-0-0,1-1-0,frankthetanktcg,frankthetanktcg,drancron
30,pititu1-1-0,0,1,mozwen2-0-0,pititu,mozwen,1-1-0,2-0-0,mozwen,pititu,mozwen
31,PokeDRUMMER972-0-0,1,0,Keenan V1-1-0,PokeDRUMMER97,Keenan V,2-0-0,1-1-0,pokedrummer97,pokedrummer97,octopathwanderer
32,Brandon M1-1-0,0,1,Bumpei Matsuda2-0-0,Brandon M,Bumpei Matsuda,1-1-0,2-0-0,bumpei,pok3fanatic,bumpei
33,Juliofranche2-0-0,1,0,guicazzonato1-1-0,Juliofranche,guicazzonato,2-0-0,1-1-0,juliofranche,juliofranche,guicazzonato
34,LucasBonaldi2-0-0,1,0,ThirdOrNothing1-1-0,LucasBonaldi,ThirdOrNothing,2-0-0,1-1-0,lucasbonaldi,lucasbonaldi,thirdornothing
35,Lucas Paglia2-0-0,1,0,SageTheKid1-1-0,Lucas Paglia,SageTheKid,2-0-0,1-1-0,luhbra,luhbra,sagethekid
36,5252titi1-1-0,0,1,Paulo Anderson2-0-0,5252titi,Paulo Anderson,1-1-0,2-0-0,fumikage,5252titi,fumikage
37,Kashvinder Singh2-0-0,1,0,Marcel1-1-0,Kashvinder Singh,Marcel,2-0-0,1-1-0,kashmann27,kashmann27,marcel
38,Cheech9271-1-0,0,1,MrWesLee2-0-0,Cheech927,MrWesLee,1-1-0,2-0-0,mrweslee,cheech927,mrweslee
39,FlowTKast1-1-0,0,1,Ace7022-0-0,FlowTKast,Ace702,1-1-0,2-0-0,ace702,flowtkast,ace702
40,Robert Hinds2-0-0,1,0,Joshua Sutherland1-1-0,Robert Hinds,Joshua Sutherland,2-0-0,1-1-0,lifeparttwo,lifeparttwo,joshuasutherland21
41,tanaxjordan1-1-0,0,1,Ouro Kronii2-0-0,tanaxjordan,Ouro Kronii,1-1-0,2-0-0,edgevnv,tanaxjordan,edgevnv
42,Shuto2-0-0,1,0,Atomicsmash1-1-0,Shuto,Atomicsmash,2-0-0,1-1-0,shuto,shuto,atomicsmash
43,quadmaxi 1-1-0,0,1,Chris D2-0-0,quadmaxi ,Chris D,1-1-0,2-0-0,topherton,beomjinkim,topherton
44,Corey Blankenship2-0-0,1,0,Psykolele1-1-0,Corey Blankenship,Psykolele,2-0-0,1-1-0,coreyology,coreyology,psykolele
45,MiltonTalles2-0-0,1,0,Hovertoxin1-1-0,MiltonTalles,Hovertoxin,2-0-0,1-1-0,miltontalles,miltontalles,hovertoxin
46,Savid4001-1-0,0,1,alexs552-0-0,Savid400,alexs55,1-1-0,2-0-0,alexs55,savid400,alexs55
47,jdceaser231-1-0,0,1,Vini Fernandez2-0-0,jdceaser23,Vini Fernandez,1-1-0,2-0-0,warexpert,jdceaser23,warexpert
48,Merk431-1-0,0,1,Andrew Hedrick2-0-0,Merk43,Andrew Hedrick,1-1-0,2-0-0,pokehawkeye,merk43,pokehawkeye
49,nrtv201-1-0,0,1,Akezaki2-0-0,nrtv20,Akezaki,1-1-0,2-0-0,akezaki,nrtv20,akezaki
50,DaredevilGugu2-0-0,1,0,Jeremy A1-1-0,DaredevilGugu,Jeremy A,2-0-0,1-1-0,daredevilgugu,daredevilgugu,dlee88
51,robbri342-0-0,1,0,Garry Breech1-1-0,robbri34,Garry Breech,2-0-0,1-1-0,robbri34,robbri34,garebear2006
52,YoongKaiJian1-1-0,0,1,Marcuschang08032-0-0,YoongKaiJian,Marcuschang0803,1-1-0,2-0-0,marcuschang0803,yoongkaijian,marcuschang0803
53,Henrique Jorge1-1-0,0,1,GolDFabi2-0-0,Henrique Jorge,GolDFabi,1-1-0,2-0-0,goldfabi,hbjtrevo,goldfabi
54,CasparWu09021-1-0,0,1,CranidosKing1472-0-0,CasparWu0902,CranidosKing147,1-1-0,2-0-0,cranidosking147,casparwu0902,cranidosking147
55,Dreamjew1-1-0,0,1,Daltonfresh2-0-0,Dreamjew,Daltonfresh,1-1-0,2-0-0,daltonfresh,dreamjew,daltonfresh
56,LM2-0-0,0,0,Adam Mahler1-1-0,LM,Adam Mahler,2-0-0,1-1-0,lm,lm,athomasm07
57,EddRent1-1-0,0,1,anselmsim2-0-0,EddRent,anselmsim,1-1-0,2-0-0,anselmsim,eddrent,anselmsim
58,timelord7421-1-0,0,1,markysamhain2-0-0,timelord742,markysamhain,1-1-0,2-0-0,markysamhain,timelord742,markysamhain
59,MangoJones2-0-0,1,0,WarmDayBeanie1-1-0,MangoJones,WarmDayBeanie,2-0-0,1-1-0,mangojones,mangojones,warmdaybeanie
60,JuniorZ19962-0-0,1,0,John Konkle1-1-0,JuniorZ1996,John Konkle,2-0-0,1-1-0,juniorz1996,juniorz1996,jk338
61,sugimochan1-1-0,0,0,Daj132-0-0,sugimochan,Daj13,1-1-0,2-0-0,daj13,sugimochan,daj13
62,Dobber27231-1-0,0,1,Peter L2-0-0,Dobber2723,Peter L,1-1-0,2-0-0,aierala,dobber2723,aierala
63,jackchapel1-1-0,0,1,Danuwat Wantha2-0-0,jackchapel,Danuwat Wantha,1-1-0,2-0-0,guywantha,jackchapel,guywantha
64,KingZeus1-1-0,0,1,Rezolution2-0-0,KingZeus,Rezolution,1-1-0,2-0-0,rezolution,kingzeus,rezolution
65,TheDarkMarc1-1-0,0,1,Alex Hamilton2-0-0,TheDarkMarc,Alex Hamilton,1-1-0,2-0-0,omegascizor456,thedarkmarc,omegascizor456
66,Daniel7772-0-0,1,0,ProfessorHaran1-1-0,Daniel777,ProfessorHaran,2-0-0,1-1-0,daniel777,daniel777,professorharan
67,Cmquinn231-1-0,0,1,Takahiko Kurashima2-0-0,Cmquinn23,Takahiko Kurashima,1-1-0,2-0-0,kuuuura,cmquinn23,kuuuura
68,Patrick Wall1-1-0,0,1,Felix Santiago2-0-0,Patrick Wall,Felix Santiago,1-1-0,2-0-0,efrensa,teamabra87,efrensa
69,Xavier E2-0-0,1,0,GabsBaptista1-1-0,Xavier E,GabsBaptista,2-0-0,1-1-0,xabro,xabro,gabsbaptista
70,Diegofranche2-0-0,1,0,Vina1-1-0,Diegofranche,Vina,2-0-0,1-1-0,diegofranche,diegofranche,vina
71,TJ Guistwite2-0-0,1,0,meirelles71-1-0,TJ Guistwite,meirelles7,2-0-0,1-1-0,grandtroll21,grandtroll21,meirelles7
72,CesarLucha1-1-0,0,1,Justin Stites2-0-0,CesarLucha,Justin Stites,1-1-0,2-0-0,bdsax,cesarlucha,bdsax
73,Henrique Andrade1-1-0,0,1,OnGaard2-0-0,Henrique Andrade,OnGaard,1-1-0,2-0-0,ongaard,anriwhat,ongaard
74,SamuelChok1-1-0,0,1,PinkQuaker2-0-0,SamuelChok,PinkQuaker,1-1-0,2-0-0,pinkquaker,samuelchok,pinkquaker
75,Dabstar901-0-1,1,0,GabrielSmartTCG0-1-1,Dabstar90,GabrielSmartTCG,1-0-1,0-1-1,dabstar90,dabstar90,gabrielsmarttcg
76,Ant43910-1-1,0,1,AlexTheBaller201-0-1,Ant4391,AlexTheBaller20,0-1-1,1-0-1,alextheballer20,ant4391,alextheballer20
77,BossMan1-1-0,1,0,gunplapilot0-2-0,BossMan,gunplapilot,1-1-0,0-2-0,bossman,bossman,gunplapilot
78,Juan T1-1-0,1,0,Pablo C0-2-0,Juan T,Pablo C,1-1-0,0-2-0,evanbastian,evanbastian,pcl182
79,UndauntedHound1-1-0,1,0,pjwitusik0-2-0,UndauntedHound,pjwitusik,1-1-0,0-2-0,undauntedhound,undauntedhound,pjwitusik
80,James G1-1-0,0,0,Shadow0-2-0,James G,Shadow,1-1-0,0-2-0,jamesg,jamesg,shadow
81,Michele  Babin0-2-0,0,1,Gabriel Padinha1-1-0,Michele  Babin,Gabriel Padinha,0-2-0,1-1-0,calkab,michelebabin,calkab
82,vsolan20020-2-0,0,1,SoS2K1-1-0,vsolan2002,SoS2K,0-2-0,1-1-0,sos2k,vsolan2002,sos2k
83,Vanaros0-2-0,0,1,Victor De Velasco1-1-0,Vanaros,Victor De Velasco,0-2-0,1-1-0,victor91dv,vanaros,victor91dv
84,CaioCapetinha1-1-0,0,0,giovanny0-2-0,CaioCapetinha,giovanny,1-1-0,0-2-0,caiocapetinha,caiocapetinha,giovanny
85,mkirby1-1-0,1,0,Ryan Mefford0-2-0,mkirby,Ryan Mefford,1-1-0,0-2-0,mkirby,mkirby,mefftrpt1
86,GadgetBadger0-2-0,0,1,chibixukato1-1-0,GadgetBadger,chibixukato,0-2-0,1-1-0,chibixukato,gadgetbadger,chibixukato
87,Lucas O0-2-0,0,1,Anti1-1-0,Lucas O,Anti,0-2-0,1-1-0,anti,aoldale,anti
88,Squallxx170-2-0,0,1,Eames7heForger1-1-0,Squallxx17,Eames7heForger,0-2-0,1-1-0,eames7heforger,squallxx17,eames7heforger
89,Gavin Z0-2-0,0,1,mojelly3021-1-0,Gavin Z,mojelly302,0-2-0,1-1-0,mojelly302,yum0n,mojelly302
90,edmund khoo0-2-0,0,0,teeteero1-1-0,edmund khoo,teeteero,0-2-0,1-1-0,teeteero,ayayaka,teeteero
91,jrubin330-2-0,0,1,EvanCampbell941-1-0,jrubin33,EvanCampbell94,0-2-0,1-1-0,evancampbell94,jrubin33,evancampbell94
92,Héctor Salazar0-2-0,0,1,Digocoltro1-1-0,Héctor Salazar,Digocoltro,0-2-0,1-1-0,digocoltro,hector1945,digocoltro
93,GUiPerrucci1-1-0,0,0,Nordic30-2-0,GUiPerrucci,Nordic3,1-1-0,0-2-0,guiperrucci,guiperrucci,nordic3
94,Alex Z1-1-0,1,0,miltonleite120-2-0,Alex Z,miltonleite12,1-1-0,0-2-0,shaaaman,shaaaman,miltonleite12
95,orange154320-2-0,0,1,gavin  bennett1-1-0,orange15432,gavin  bennett,0-2-0,1-1-0,bgv1989,orange15432,bgv1989
96,arturoR2D26331270-2-0,0,1,CBRSG1-1-0,arturoR2D2633127,CBRSG,0-2-0,1-1-0,cbrsg,arturor2d2633127,cbrsg
97,Wiikidjak0-2-0,0,0,Mulada0-2-0,Wiikidjak,Mulada,0-2-0,0-2-0,-1,wiikidjak,mulada
98,Haziq Dzul0-2-0,0,1,vanilla1-1-0,Haziq Dzul,vanilla,0-2-0,1-1-0,vanilla,haziqdzul,vanilla
99,sencha 0-2-0,0,1,Nugget6791-1-0,sencha ,Nugget679,0-2-0,1-1-0,nugget679,kirikisencha,nugget679
100,Marciane KE0-2-0,0,0,sleepydreepy1-1-0,Marciane KE,sleepydreepy,0-2-0,1-1-0,sleepydreepy,shoromarmota,sleepydreepy
101,Luthyon1-1-0,1,0,iHaveItOnMe0-2-0,Luthyon,iHaveItOnMe,1-1-0,0-2-0,luthyon,luthyon,ihaveitonme
102,Arthinatharius0-2-0,0,0,SmallHeat0-2-0,Arthinatharius,SmallHeat,0-2-0,0-2-0,-1,arthinatharius,smallheat
103,Michael H0-2-0,0,1,Julio Jimenez1-1-0,Michael H,Julio Jimenez,0-2-0,1-1-0,owohunt,michaelhatz,owohunt
104,Chris Pelletier0-2-0,0,1,metal2201-1-0,Chris Pelletier,metal220,0-2-0,1-1-0,metal220,sirchris40,metal220
105,catron0-2-0,0,0,grantnoff1-1-0,catron,grantnoff,0-2-0,1-1-0,grantnoff,catron,grantnoff
106,Rapha P1-1-0,0,0,Bigfluff45710-2-0,Rapha P,Bigfluff4571,1-1-0,0-2-0,enfergato,enfergato,bigfluff4571
107,Lunic Alphatyrant0-2-0,0,0,Pokemontrainertt1-1-0,Lunic Alphatyrant,Pokemontrainertt,0-2-0,1-1-0,pokemontrainertt,lunicgamer,pokemontrainertt
108,popacrag1-1-0,0,0,dflorentino12070-2-0,popacrag,dflorentino1207,1-1-0,0-2-0,popacrag,popacrag,dflorentino1207
109,Bren Hall1-1-0,1,0,thesnorlaxian0-2-0,Bren Hall,thesnorlaxian,1-1-0,0-2-0,driftwoodbeats,driftwoodbeats,thesnorlaxian
110,tademaru0-2-0,0,1,MelStar1-1-0,tademaru,MelStar,0-2-0,1-1-0,melstar,tademaru,melstar
111,xFinnik14x0-2-0,0,1,Smokeyslim7181-1-0,xFinnik14x,Smokeyslim718,0-2-0,1-1-0,smokeyslim718,xfinnik14x,smokeyslim718
112,Lime1-1-0,1,0,Huntaj820-2-0,Lime,Huntaj82,1-1-0,0-2-0,lime,lime,huntaj82
113,jtap150-2-0,0,1,gazerbeam2k1-1-0,jtap15,gazerbeam2k,0-2-0,1-1-0,gazerbeam2k,jtap15,gazerbeam2k
114,njs2721-1-0,1,0,Stephen Richardson0-2-0,njs272,Stephen Richardson,1-1-0,0-2-0,njs272,njs272,sportzfan1990
115,Vicente (MoeHawk) Canales-Loyola0-2-0,0,0,sirwavy11-1-0,Vicente (MoeHawk) Canales-Loyola,sirwavy1,0-2-0,1-1-0,sirwavy1,moehawk,sirwavy1
116,Liam Shaffery0-2-0,0,1,KoutIz1-1-0,Liam Shaffery,KoutIz,0-2-0,1-1-0,koutiz,purplepalkia,koutiz
117,a12864902741-1-0,1,0,pedromon0-2-0,a1286490274,pedromon,1-1-0,0-2-0,a1286490274,a1286490274,pedromon
118,Jonathan Patricio Ch.0-1-1,0,0,JOHNATHAN LEBRON0-1-1,Jonathan Patricio Ch.,JOHNATHAN LEBRON,0-1-1,0-1-1,0,jonah2705,johnlebron39
119,Manupango1-1-0,0,0,wsgRon0-2-0,Manupango,wsgRon,1-1-0,0-2-0,manupango,manupango,wsgron
120,Bodhi Robinson1-1-0,1,0,Kerfluffal0-2-0,Bodhi Robinson,Kerfluffal,1-1-0,0-2-0,bodhi,bodhi,kerfluffal
121,ianryave0-2-0,0,1,Ryoma1-1-0,ianryave,Ryoma,0-2-0,1-1-0,ryoma,ianryave,ryoma
122,The0Phen01-1-0,0,0,magicspoon0-2-0,The0Phen0,magicspoon,1-1-0,0-2-0,the0phen0,the0phen0,magicspoon
123,nimama0-2-0,0,0,coronelzeta1-1-0,nimama,coronelzeta,0-2-0,1-1-0,coronelzeta,nimama,coronelzeta
124,SHSuperSonic0-2-0,0,1,Rasekowo1-1-0,SHSuperSonic,Rasekowo,0-2-0,1-1-0,rasekowo,shsupersonic,rasekowo
125,LamitoRP0-2-0,0,0,Davi04torres1-1-0,LamitoRP,Davi04torres,0-2-0,1-1-0,davi04torres,lamitorp,davi04torres
126,Tukaon3210-2-0,0,1,Douglas Gois1-1-0,Tukaon321,Douglas Gois,0-2-0,1-1-0,doouglass26,tukaon321,doouglass26
127,shuanmaa1-1-0,1,0,Espr7100-2-0,shuanmaa,Espr710,1-1-0,0-2-0,shuanmaa,shuanmaa,espr710
128,inosoycarly1-1-0,1,0,Matt Bridges0-2-0,inosoycarly,Matt Bridges,1-1-0,0-2-0,inosoycarly,inosoycarly,bluebr0nc0
129,Juan Espinola0-2-0,0,1,catmeasles1-1-0,Juan Espinola,catmeasles,0-2-0,1-1-0,catmeasles,espinola,catmeasles
130,evltrtl0-2-0,0,1,Roshanak1-1-0,evltrtl,Roshanak,0-2-0,1-1-0,roshanak,evltrtl,roshanak
131,tone10591-1-0,1,0,captainl00t0-2-0,tone1059,captainl00t,1-1-0,0-2-0,tone1059,tone1059,captainl00t
132,Dbotworld1-1-0,0,0,RULU10-2-0,Dbotworld,RULU1,1-1-0,0-2-0,dbotworld,dbotworld,rulu1
133,Chrome20130-2-0,0,0,jonnybrah1-1-0,Chrome2013,jonnybrah,0-2-0,1-1-0,jonnybrah,chrome2013,jonnybrah
134,Ralphzz1-1-0,0,0,TheNerdswithAttitude0-2-0,Ralphzz,TheNerdswithAttitude,1-1-0,0-2-0,ralphzz,ralphzz,thenerdswithattitude
135,Event0-2-0,0,1,StormKing1-1-0,Event,StormKing,0-2-0,1-1-0,stormking,event,stormking
136,calvino0-2-0,0,1,Bruno Zolin1-1-0,calvino,Bruno Zolin,0-2-0,1-1-0,bzolinr,calvino,bzolinr
137,wakingeyes1-1-0,1,0,MasterLeBui0-2-0,wakingeyes,MasterLeBui,1-1-0,0-2-0,wakingeyes,wakingeyes,masterlebui
138,Isaac Troan1-1-0,0,0,BrandonBorgmier0-2-0,Isaac Troan,BrandonBorgmier,1-1-0,0-2-0,dispencer,dispencer,brandonborgmier
139,JulioPokeDad1-1-0,0,0,EricSmash0-2-0,JulioPokeDad,EricSmash,1-1-0,0-2-0,juliopokedad,juliopokedad,ericsmash
140,7heMC0-2-0,0,1,pogrom20001-1-0,7heMC,pogrom2000,0-2-0,1-1-0,pogrom2000,7hemc,pogrom2000
141,MatiEngel0-2-0,0,1,Dramando1-1-0,MatiEngel,Dramando,0-2-0,1-1-0,dramando,matiengel,dramando
142,Miggy Hayakawa0-2-0,0,1,Fon1-1-0,Miggy Hayakawa,Fon,0-2-0,1-1-0,fon,bakalmastergx,fon
143,Collin Ray0-2-0,0,1,xvCODZILLAvx1-1-0,Collin Ray,xvCODZILLAvx,0-2-0,1-1-0,xvcodzillavx,aquaticblaze,xvcodzillavx
144,Mike9809020-2-0,0,1,WhiteKevin1-1-0,Mike980902,WhiteKevin,0-2-0,1-1-0,whitekevin,mike980902,whitekevin
145,JustCody0-2-0,0,1,KaiserScorch1-1-0,JustCody,KaiserScorch,0-2-0,1-1-0,kaiserscorch,justcody,kaiserscorch
146,Tigerbladedn0-2-0,0,0,miketheboy050-2-0,Tigerbladedn,miketheboy05,0-2-0,0-2-0,-1,tigerbladedn,miketheboy05
147,Reiji Nishiguchi0-2-0,0,0,Marck2611-1-0,Reiji Nishiguchi,Marck261,0-2-0,1-1-0,marck261,amere,marck261
