Pairing,Player 1,Player 1 Score,Player 2 Score,Player 2,Player 1 Name,Player 2 Name,Player 1 Record,Player 2 Record,Winner ID,Player 1 ID,Player 2 ID
1,KsRain3-0-0,1,0,Iyla Sutherland2-1-0,KsRain,Iyla Sutherland,3-0-0,2-1-0,ksrain,ksrain,joshuasutherland21
2,Julius3-0-0,1,0,Kickincards2-1-0,Julius,Kickincards,3-0-0,2-1-0,julius,julius,kickincards
3,Joe Sturino2-1-0,0,1,HoneybadgerV83-0-0,Joe Sturino,HoneybadgerV8,2-1-0,3-0-0,honeybadgerv8,biscuithat,honeybadgerv8
4,TheRicardoToddy3-0-0,1,0,Felipe O2-1-0,TheRicardoToddy,Felipe O,3-0-0,2-1-0,thericardotoddy,thericardotoddy,citingsnake
5,Alextakahashi2-1-0,0,1,Ryan Keller3-0-0,Alextakahashi,Ryan Keller,2-1-0,3-0-0,rkelle19,alextakahashi,rkelle19
6,Brandon J3-0-0,1,0,Joao Paulo Faria Henrique2-1-0,Brandon J,Joao Paulo Faria Henrique,3-0-0,2-1-0,lordbj101,lordbj101,mcn09012
7,Juan T2-1-0,0,1,Noahs3-0-0,Juan T,Noahs,2-1-0,3-0-0,noahs,evanbastian,noahs
8,Tcat01012-1-0,0,1,BeastBoizTCG3-0-0,Tcat0101,BeastBoizTCG,2-1-0,3-0-0,beastboiztcg,tcat0101,beastboiztcg
9,Luke Williams3-0-0,1,0,Loc Nguyen2-1-0,Luke Williams,Loc Nguyen,3-0-0,2-1-0,bananaman999,bananaman999,lnguyen0750
10,coquitozx3-0-0,1,0,Cobi Kawasaki2-1-0,coquitozx,Cobi Kawasaki,3-0-0,2-1-0,coquitozx,coquitozx,97kirby
11,Hooligan8352-1-0,0,1,Roberto Antonio Plaza Orellana3-0-0,Hooligan835,Roberto Antonio Plaza Orellana,2-1-0,3-0-0,ch1nogamer,hooligan835,ch1nogamer
12,Bodhi2-1-0,0,1,Coal3-0-0,Bodhi,Coal,2-1-0,3-0-0,coal,bodhi,coal
13,Nathan Ginsburg2-1-0,0,1,LuizaBack3-0-0,Nathan Ginsburg,LuizaBack,2-1-0,3-0-0,luizaback,ngtcg,luizaback
14,Evan P2-0-1,0,0,Benny Billinger2-0-1,Evan P,Benny Billinger,2-0-1,2-0-1,0,evanp,bbillinger
15,PolarPT3-0-0,1,0,Puninko2-1-0,PolarPT,Puninko,3-0-0,2-1-0,polarpt,polarpt,puninko
16,Chris Dennis3-0-0,1,0,AeroArthurDN2-1-0,Chris Dennis,AeroArthurDN,3-0-0,2-1-0,iforgotmyoldlogi,iforgotmyoldlogi,aeroarthurdn
17,peke3-0-0,1,0,Visor TCG2-1-0,peke,Visor TCG,3-0-0,2-1-0,peke,peke,roshanak
18,HeatWin3-0-0,1,0,Matthew Pitchford2-1-0,HeatWin,Matthew Pitchford,3-0-0,2-1-0,heatwin,heatwin,mattydyl8
19,Mitchell J2-1-0,0,1,venompoggg3-0-0,Mitchell J,venompoggg,2-1-0,3-0-0,venompoggg,mitchelllj,venompoggg
20,Mark Marullo2-1-0,0,1,ThomasHxC3-0-0,Mark Marullo,ThomasHxC,2-1-0,3-0-0,thomashxc,markofino,thomashxc
21,VOLCANION12242-1-0,0,1,Famous943-0-0,VOLCANION1224,Famous94,2-1-0,3-0-0,famous94,volcanion1224,famous94
22,Densi2-1-0,0,1,zombi3-0-0,Densi,zombi,2-1-0,3-0-0,zombi,densi,zombi
23,Maurice Onckels2-1-0,0,1,Christiano Carchereri3-0-0,Maurice Onckels,Christiano Carchereri,2-1-0,3-0-0,shirotsuki,goldi,shirotsuki
24,Miguekage163-0-0,1,0,DaltronDH2-1-0,Miguekage16,DaltronDH,3-0-0,2-1-0,miguekage16,miguekage16,daltrondh
25,Luxas123-0-0,1,0,rain2-1-0,Luxas12,rain,3-0-0,2-1-0,luxas12,luxas12,rain
26,MysteriousPlayer3-0-0,1,0,peanutbutterfollicle 2-1-0,MysteriousPlayer,peanutbutterfollicle ,3-0-0,2-1-0,mysteriousplayer,mysteriousplayer,ascotpokes
27,TJ Guistwite2-1-0,0,1,JayArrCee3-0-0,TJ Guistwite,JayArrCee,2-1-0,3-0-0,jayarrcee,grandtroll21,jayarrcee
28,RYesse3-0-0,1,0,Bboyjc4life2-1-0,RYesse,Bboyjc4life,3-0-0,2-1-0,ryesse,ryesse,bboyjc4life
29,Nelson Guillen3-0-0,1,0,Huntiemon2-1-0,Nelson Guillen,Huntiemon,3-0-0,2-1-0,moxyroxie,moxyroxie,huntiemon
30,Bryan P2-1-0,0,1,Ursiidae3-0-0,Bryan P,Ursiidae,2-1-0,3-0-0,ursiidae,fearedwaffla,ursiidae
31,AlexB082-1-0,0,1,flam40433-0-0,AlexB08,flam4043,2-1-0,3-0-0,flam4043,alexb08,flam4043
32,FDBxPoGO3-0-0,1,0,Jonathan Patricio Ch.2-1-0,FDBxPoGO,Jonathan Patricio Ch.,3-0-0,2-1-0,fdbxpogo,fdbxpogo,jonah2705
33,ChangLee3-0-0,1,0,hgibbon132-1-0,ChangLee,hgibbon13,3-0-0,2-1-0,changlee,changlee,hgibbon13
34,David Hendrickson3-0-0,1,0,Trenton F2-1-0,David Hendrickson,Trenton F,3-0-0,2-1-0,royalcheez,royalcheez,boofling
35,Chomper22043-0-0,1,0,Lgic2-1-0,Chomper2204,Lgic,3-0-0,2-1-0,chomper2204,chomper2204,lgic
36,Pedro Darlan2-1-0,0,1,SirRmor3-0-0,Pedro Darlan,SirRmor,2-1-0,3-0-0,sirrmor,pudindepao1,sirrmor
37,pogrom20003-0-0,1,0,Jacob R2-1-0,pogrom2000,Jacob R,3-0-0,2-1-0,pogrom2000,pogrom2000,jacobson
38,Joe Higashi2-1-0,0,1,SenseiHumor2-0-1,Joe Higashi,SenseiHumor,2-1-0,2-0-1,senseihumor,rotaryrocket,senseihumor
39,LippeBaixo1-0-2,0,0,João Victor1-1-1,LippeBaixo,João Victor,1-0-2,1-1-1,0,lippebaixo,ijaoi
40,Weston672-1-0,1,0,Poderz11-2-0,Weston67,Poderz1,2-1-0,1-2-0,weston67,weston67,poderz1
41,S P2-1-0,1,0,manciohoenn1-2-0,S P,manciohoenn,2-1-0,1-2-0,vncmdu5d9q755ta7gteyq2aci,vncmdu5d9q755ta7gteyq2aci,manciohoenn
42,secretscreed1-2-0,0,1,unseenoddish2-1-0,secretscreed,unseenoddish,1-2-0,2-1-0,unseenoddish,secretscreed,unseenoddish
43,Juancho (PrimeTimeWizardTV)2-1-0,1,0,hpadron1-2-0,Juancho (PrimeTimeWizardTV),hpadron,2-1-0,1-2-0,auriz27,auriz27,hpadron
44,Gardell Young1-2-0,0,1,VolcanTurtleTCG2-1-0,Gardell Young,VolcanTurtleTCG,1-2-0,2-1-0,volcanturtletcg,mrsuav,volcanturtletcg
45,0xy4q1-2-0,0,1,rotozap2-1-0,0xy4q,rotozap,1-2-0,2-1-0,rotozap,0xy4q,rotozap
46,Nimno2-1-0,1,0,Diih1-2-0,Nimno,Diih,2-1-0,1-2-0,nimno,nimno,diih
47,Daniel Vega1-2-0,0,1,WellingtonZoobi2-1-0,Daniel Vega,WellingtonZoobi,1-2-0,2-1-0,wellingtonzoobi,djvp10,wellingtonzoobi
48,ZmanCuddles1-2-0,0,1,Ryan Simons2-1-0,ZmanCuddles,Ryan Simons,1-2-0,2-1-0,variedits,zmancuddles,variedits
49,Dylan Smeigh2-1-0,1,0,Kissinglilies1-2-0,Dylan Smeigh,Kissinglilies,2-1-0,1-2-0,dusce,dusce,kissinglilies
50,Solomon Shurge2-1-0,1,0,tomrrr1-2-0,Solomon Shurge,tomrrr,2-1-0,1-2-0,freedomfightre,freedomfightre,tomrrr
51,Elmenor212-1-0,1,0,Lorenzo Gomez1-2-0,Elmenor21,Lorenzo Gomez,2-1-0,1-2-0,elmenor21,elmenor21,sailence
52,Adam Knowles2-1-0,1,0,PipoRealG4Life1-2-0,Adam Knowles,PipoRealG4Life,2-1-0,1-2-0,adamknowles,adamknowles,piporealg4life
53,krzyalex2-1-0,1,0,Sari Obeid1-2-0,krzyalex,Sari Obeid,2-1-0,1-2-0,krzyalex,krzyalex,sariobeid2000
54,direathena1-2-0,0,1,EquinoxGaming882-1-0,direathena,EquinoxGaming88,1-2-0,2-1-0,equinoxgaming88,direathena,equinoxgaming88
55,DilloPillow2-1-0,1,0,Gaby80001-2-0,DilloPillow,Gaby8000,2-1-0,1-2-0,dillopillow,dillopillow,gaby8000
56,DylanTheVillain2-1-0,1,0,James Simms1-2-0,DylanTheVillain,James Simms,2-1-0,1-2-0,dylanthevillain,dylanthevillain,4600737
57,Xavier E2-1-0,1,0,MasterLeBui1-2-0,Xavier E,MasterLeBui,2-1-0,1-2-0,xabro,xabro,masterlebui
58,Meccer2-1-0,1,0,Jade Vieira1-2-0,Meccer,Jade Vieira,2-1-0,1-2-0,meccer,meccer,sifetcg
59,manu0310901-2-0,0,1,Bbbbbingo2-1-0,manu031090,Bbbbbingo,1-2-0,2-1-0,bbbbbingo,manu031090,bbbbbingo
60,Miguel da Cruz Rocha1-2-0,0,0,Dusto2-1-0,Miguel da Cruz Rocha,Dusto,1-2-0,2-1-0,dusto,guzma690,dusto
61,Josh Stapler1-2-0,0,1,Christian Cruz2-1-0,Josh Stapler,Christian Cruz,1-2-0,2-1-0,christiancruz,aestheticallyjosh,christiancruz
62,pjwitusik2-1-0,1,0,Shintaro I1-2-0,pjwitusik,Shintaro I,2-1-0,1-2-0,pjwitusik,pjwitusik,toshin
63,PTPPokemon682-1-0,0,0,YuraiKurumi1-2-0,PTPPokemon68,YuraiKurumi,2-1-0,1-2-0,ptppokemon68,ptppokemon68,yuraikurumi
64,Alagher2-1-0,1,0,Kmart121-2-0,Alagher,Kmart12,2-1-0,1-2-0,alagher,alagher,kmart12
65,Trenton S2-1-0,1,0,Avalanche1-2-0,Trenton S,Avalanche,2-1-0,1-2-0,waterman999,waterman999,avalanche
66,PikaPikaCrew2-1-0,1,0,joshua22721-2-0,PikaPikaCrew,joshua2272,2-1-0,1-2-0,pikapikacrew,pikapikacrew,joshua2272
67,Jeffrey F2-1-0,1,0,PrinceVortex1-2-0,Jeffrey F,PrinceVortex,2-1-0,1-2-0,mrmooshoes,mrmooshoes,princevortex
68,RocketExecJeff2-1-0,1,0,AestheticallyKelsey1-2-0,RocketExecJeff,AestheticallyKelsey,2-1-0,1-2-0,rocketexecjeff,rocketexecjeff,aestheticallykelsey
69,Ponybtlchamp2-1-0,1,0,Pizzatime151-2-0,Ponybtlchamp,Pizzatime15,2-1-0,1-2-0,ponybtlchamp,ponybtlchamp,pizzatime15
70,Erich Francis1-2-0,0,1,clonazepanda2-1-0,Erich Francis,clonazepanda,1-2-0,2-1-0,clonazepanda,ef72489,clonazepanda
71,melon4202-1-0,1,0,Juan Contla1-2-0,melon420,Juan Contla,2-1-0,1-2-0,melon420,melon420,jcontla
72,DamionF6662-1-0,1,0,maguimaster1-2-0,DamionF666,maguimaster,2-1-0,1-2-0,damionf666,damionf666,maguimaster
73,spit 1102-1-0,1,0,TheBeardedFool1-2-0,spit 110,TheBeardedFool,2-1-0,1-2-0,noawithoutah,noawithoutah,thebeardedfool
74,Swampert21191-2-0,0,1,john wanggaard2-1-0,Swampert2119,john wanggaard,1-2-0,2-1-0,ttoabyssal,swampert2119,ttoabyssal
75,Pickledpro2-1-0,1,0,Bruno Nobre1-2-0,Pickledpro,Bruno Nobre,2-1-0,1-2-0,pickledpro,pickledpro,karakuri109
76,vbran152-1-0,1,0,Ggutierrez51-2-0,vbran15,Ggutierrez5,2-1-0,1-2-0,vbran15,vbran15,ggutierrez5
77,zio1-2-0,0,1,Ryan McCormack2-1-0,zio,Ryan McCormack,1-2-0,2-1-0,macattack,zio,macattack
78,ImAsh3051-2-0,0,0,HazenTheWise2-1-0,ImAsh305,HazenTheWise,1-2-0,2-1-0,hazenthewise,imash305,hazenthewise
79,Jungwoongjin2-1-0,1,0,Jordan C1-2-0,Jungwoongjin,Jordan C,2-1-0,1-2-0,jungwoongjin,jungwoongjin,tokentardigrade
80,LFriend1-2-0,0,1,Btrix2-1-0,LFriend,Btrix,1-2-0,2-1-0,btrix,lfriend,btrix
81,Alakanixon411-2-0,0,1,TeachMePokemonPodcast2-1-0,Alakanixon41,TeachMePokemonPodcast,1-2-0,2-1-0,teachmepokemonpodcast,alakanixon41,teachmepokemonpodcast
82,flooder2-1-0,1,0,giovanny1-2-0,flooder,giovanny,2-1-0,1-2-0,flooder,flooder,giovanny
83,. medi1-2-0,0,1,Josh Smith2-1-0,. medi,Josh Smith,1-2-0,2-1-0,joshsmith,owohunt,joshsmith
84,yoshihiko12181-2-0,0,1,Dylan C2-1-0,yoshihiko1218,Dylan C,1-2-0,2-1-0,dylclark21,yoshihiko1218,dylclark21
85,NGKyVong1-2-0,0,1,JackDaniel7892-1-0,NGKyVong,JackDaniel789,1-2-0,2-1-0,jackdaniel789,ngkyvong,jackdaniel789
86,FatherBacnis1-2-0,0,1,4herbcor2-1-0,FatherBacnis,4herbcor,1-2-0,2-1-0,4herbcor,fatherbacnis,4herbcor
87,Morgan Abreu1-2-0,0,1,Flynoid2-1-0,Morgan Abreu,Flynoid,1-2-0,2-1-0,flynoid,momaster13,flynoid
88,Quickness991-2-0,0,1,ThePinkMudFish2-1-0,Quickness99,ThePinkMudFish,1-2-0,2-1-0,thepinkmudfish,quickness99,thepinkmudfish
89,Irongolem25001-2-0,0,1,Keller H2-1-0,Irongolem2500,Keller H,1-2-0,2-1-0,22lava44,irongolem2500,22lava44
90,castereedlin2-1-0,1,0,yamico8351-2-0,castereedlin,yamico835,2-1-0,1-2-0,castereedlin,castereedlin,yamico835
91,5card2-1-0,1,0,Mitch Schram1-2-0,5card,Mitch Schram,2-1-0,1-2-0,5card,5card,mitchalsorae
92,HenryKK1-2-0,0,1,Collin Ray2-1-0,HenryKK,Collin Ray,1-2-0,2-1-0,aquaticblaze,henrykk,aquaticblaze
93,Shyxa1-2-0,0,1,Openogility2-1-0,Shyxa,Openogility,1-2-0,2-1-0,openogility,shyxa,openogility
94,Oscar C2-1-0,1,0,EvanCampbell941-2-0,Oscar C,EvanCampbell94,2-1-0,1-2-0,kokashar,kokashar,evancampbell94
95,mkirby1-2-0,0,1,Jared Grimes2-1-0,mkirby,Jared Grimes,1-2-0,2-1-0,jaredlgrimes,mkirby,jaredlgrimes
96,Matthew  Chou2-1-0,1,0,MatchewMono1-2-0,Matthew  Chou,MatchewMono,2-1-0,1-2-0,luigi30495,luigi30495,matchewmono
97,TheLastPorg2-1-0,1,0,Wyatt York1-2-0,TheLastPorg,Wyatt York,2-1-0,1-2-0,thelastporg,thelastporg,theshinybuizel
98,Taylor Hill1-2-0,0,1,25isthebest2-1-0,Taylor Hill,25isthebest,1-2-0,2-1-0,25isthebest,caligula666x,25isthebest
99,Chandler Crain1-2-0,0,1,Mewtwo VUNION is my BFF2-1-0,Chandler Crain,Mewtwo VUNION is my BFF,1-2-0,2-1-0,plepine,typicalchan,plepine
100,Frodohtx1-2-0,0,1,CounterCollector2-1-0,Frodohtx,CounterCollector,1-2-0,2-1-0,countercollector,frodohtx,countercollector
101,KCobley961-2-0,0,1,Gabriel Pino Semedo2-1-0,KCobley96,Gabriel Pino Semedo,1-2-0,2-1-0,gabrielsemedo,kcobley96,gabrielsemedo
102,GalarianDyl2-1-0,1,0,Dustin Keller1-2-0,GalarianDyl,Dustin Keller,2-1-0,1-2-0,galariandyl,galariandyl,dkdkz
103,Greninjaboi2-1-0,1,0,RevyNelphie1-2-0,Greninjaboi,RevyNelphie,2-1-0,1-2-0,greninjaboi,greninjaboi,revynelphie
104,CamiBear2-1-0,1,0,GoofGG1-2-0,CamiBear,GoofGG,2-1-0,1-2-0,camibear,camibear,goofgg
105,mccoy7161-2-0,0,1,Zarbon2-1-0,mccoy716,Zarbon,1-2-0,2-1-0,zarbon,mccoy716,zarbon
106,Berru1131-2-0,0,1,diegof1822-1-0,Berru113,diegof182,1-2-0,2-1-0,diegof182,berru113,diegof182
107,Heyitsleonn1-2-0,0,1,cheko272-1-0,Heyitsleonn,cheko27,1-2-0,2-1-0,cheko27,heyitsleonn,cheko27
108,MojoJodo1-2-0,0,1,Maxim Korobov2-1-0,MojoJodo,Maxim Korobov,1-2-0,2-1-0,rangermax123,mojojodo,rangermax123
109,Katnoaga1-1-1,1,0,Eddie Reyes0-2-1,Katnoaga,Eddie Reyes,1-1-1,0-2-1,katnoaga,katnoaga,logik
110,SoSmooth0-2-1,0,1,Allen Gutierrez1-1-1,SoSmooth,Allen Gutierrez,0-2-1,1-1-1,bannedinsouls,sosmooth,bannedinsouls
111,Jaze6880-2-1,0,1,LLwood1-1-1,Jaze688,LLwood,0-2-1,1-1-1,llwood,jaze688,llwood
112,WestLondonJoe1-2-0,0,0,Bluewats190-3-0,WestLondonJoe,Bluewats19,1-2-0,0-3-0,westlondonjoe,westlondonjoe,bluewats19
113,Angel Loya1-2-0,1,0,PianoFish0-3-0,Angel Loya,PianoFish,1-2-0,0-3-0,angelloya,angelloya,pianofish
114,Martguzz1-2-0,1,0,Gabe Shumway0-3-0,Martguzz,Gabe Shumway,1-2-0,0-3-0,martguzz,martguzz,gabeshumway
115,Huffer1-2-0,1,0,halhigh0-3-0,Huffer,halhigh,1-2-0,0-3-0,huffer,huffer,halhigh
116,kenneth kinsman0-3-0,0,1,nanomerida1-2-0,kenneth kinsman,nanomerida,0-3-0,1-2-0,nanomerida,excalibur1478,nanomerida
117,Blitzzzz0-3-0,0,0,evltrtl1-2-0,Blitzzzz,evltrtl,0-3-0,1-2-0,evltrtl,blitzzzz,evltrtl
118,denerrigoli0-3-0,0,1,SrKazu1-2-0,denerrigoli,SrKazu,0-3-0,1-2-0,srkazu,denerrigoli,srkazu
119,Carson Washer1-2-0,1,0,Ezbake3180-3-0,Carson Washer,Ezbake318,1-2-0,0-3-0,carsonwasher00,carsonwasher00,ezbake318
120,Bunni0-3-0,0,1,Axel Godoy1-2-0,Bunni,Axel Godoy,0-3-0,1-2-0,raxelgt,bunni,raxelgt
121,XandyBack0-3-0,0,1,Dalten Cross1-2-0,XandyBack,Dalten Cross,0-3-0,1-2-0,vovuvu,xandyback,vovuvu
122,Luisa R1-2-0,0,0,Bnutt10920-3-0,Luisa R,Bnutt1092,1-2-0,0-3-0,rfluisa,rfluisa,bnutt1092
123,Afrojarritos0-3-0,0,1,DiBasz1-2-0,Afrojarritos,DiBasz,0-3-0,1-2-0,dibasz,afrojarritos,dibasz
124,JD0-3-0,0,0,Patrick Scharff1-2-0,JD,Patrick Scharff,0-3-0,1-2-0,pscharff,jd,pscharff
125,azzymac870-3-0,0,1,Fraval61-2-0,azzymac87,Fraval6,0-3-0,1-2-0,fraval6,azzymac87,fraval6
126,Phillip Jorge0-3-0,0,1,GotMilk1-2-0,Phillip Jorge,GotMilk,0-3-0,1-2-0,gotmilk,phillipjorge,gotmilk
127,SheldonKuppan0-3-0,0,0,Robbie F1-2-0,SheldonKuppan,Robbie F,0-3-0,1-2-0,secludedloaf,sheldonkuppan,secludedloaf
128,Andrew W1-2-0,0,0,Avidist0-3-0,Andrew W,Avidist,1-2-0,0-3-0,twystedtwig,twystedtwig,avidist
129,Tiger7000-3-0,0,1,Sharkapr1-2-0,Tiger700,Sharkapr,0-3-0,1-2-0,sharkapr,tiger700,sharkapr
130,Sebabells1-2-0,,,bye,Sebabells,*Bye*,1-2-0,N/A,sebabells,sebabells,*Bye*
