Pairing,Player 1,Player 1 Score,Player 2 Score,Player 2,Player 1 Name,Player 2 Name,Player 1 Record,Player 2 Record,Winner ID,Player 1 ID,Player 2 ID
1,Zach Roy6-1-0,0,1,Erickkemm7-0-0,Zach Roy,Erickkemm,6-1-0,7-0-0,erickkemm,senordoom,erickkemm
2,Ira P6-1-0,0,1,EvanCampbell947-0-0,Ira P,EvanCampbell94,6-1-0,7-0-0,evancampbell94,ira9999,evancampbell94
3,Erik B6-1-0,0,1,Devin S6-1-0,Erik B,Devin S,6-1-0,6-1-0,shac,mrsodaking,shac
4,likeollywithab6-1-0,1,0,Koichi Kimura5-2-0,likeollywithab,Koichi Kimura,6-1-0,5-2-0,likeollywithab,likeollywithab,symphogear119
5,jtap155-2-0,0,1,Cameron Padilla6-1-0,jtap15,Cameron Padilla,5-2-0,6-1-0,camycameron,jtap15,camycameron
6,wy keen6-1-0,1,0,rexdog5-2-0,wy keen,rexdog,6-1-0,5-2-0,wykeen1994,wykeen1994,rexdog
7,LionFishLover6-1-0,1,0,Golisopod0145-2-0,LionFishLover,Golisopod014,6-1-0,5-2-0,lionfishlover,lionfishlover,golisopod014
8,Doubllez6-1-0,1,0,Francel5-2-0,Doubllez,Francel,6-1-0,5-2-0,doubllez,doubllez,francel
9,JayArrCee6-1-0,1,0,kaiba085-2-0,JayArrCee,kaiba08,6-1-0,5-2-0,jayarrcee,jayarrcee,kaiba08
10,Joaquin  Gonzalez5-2-0,0,1,OnGaard6-1-0,Joaquin  Gonzalez,OnGaard,5-2-0,6-1-0,ongaard,sweetxyz,ongaard
11,teddy4595-2-0,0,1,EricSmash6-1-0,teddy459,EricSmash,5-2-0,6-1-0,ericsmash,teddy459,ericsmash
12,rain6-1-0,1,0,Tristan Lackey5-2-0,rain,Tristan Lackey,6-1-0,5-2-0,rain,rain,tllackey
13,Xavier E5-2-0,0,1,foreverandabove6-1-0,Xavier E,foreverandabove,5-2-0,6-1-0,foreverandabove,xabro,foreverandabove
14,Kevin Abernathy5-2-0,0,1,Mike Gibbs6-1-0,Kevin Abernathy,Mike Gibbs,5-2-0,6-1-0,gmibbs,kevbot719,gmibbs
15,APackOfAlpacas5-2-0,0,1,cursecode6-1-0,APackOfAlpacas,cursecode,5-2-0,6-1-0,cursecode,apackofalpacas,cursecode
16,iStark114-2-1,0,1,ixo775-1-1,iStark11,ixo77,4-2-1,5-1-1,ixo77,istark11,ixo77
17,MasterLeBui5-1-1,1,0,seanpluto4-2-1,MasterLeBui,seanpluto,5-1-1,4-2-1,masterlebui,masterlebui,seanpluto
18,Kurtupo4-3-0,0,1,Henrique Jorge5-2-0,Kurtupo,Henrique Jorge,4-3-0,5-2-0,hbjtrevo,kurtupo,hbjtrevo
19,santosan239924-2-1,0,0,Travisbrooks874-2-1,santosan23992,Travisbrooks87,4-2-1,4-2-1,0,santosan23992,travisbrooks87
20,bujijia11055-2-0,1,0,Dawnlynight4-3-0,bujijia1105,Dawnlynight,5-2-0,4-3-0,bujijia1105,bujijia1105,dawnlynight
21,Lucky7TCg4-3-0,0,1,SHSuperSonic5-2-0,Lucky7TCg,SHSuperSonic,4-3-0,5-2-0,shsupersonic,lucky7tcg,shsupersonic
22,NameAChef4-3-0,0,1,GabrielSmartTCG5-2-0,NameAChef,GabrielSmartTCG,4-3-0,5-2-0,gabrielsmarttcg,nameachef,gabrielsmarttcg
23,John Konkle5-2-0,1,0,Eye8DaBox4-3-0,John Konkle,Eye8DaBox,5-2-0,4-3-0,jk338,jk338,eye8dabox
24,Darceloix4-3-0,0,1,Searion5-2-0,Darceloix,Searion,4-3-0,5-2-0,searion,darceloix,searion
25,Patricia Gonzalez Walsh5-2-0,1,0,DiamondKing4-3-0,Patricia Gonzalez Walsh,DiamondKing,5-2-0,4-3-0,patogw,patogw,diamondking
26,Josh Cohen5-2-0,1,0,xBbatTx4-3-0,Josh Cohen,xBbatTx,5-2-0,4-3-0,jcohenwc,jcohenwc,xbbattx
27,Mike Carvallo4-3-0,0,1,Luke Morsa5-2-0,Mike Carvallo,Luke Morsa,4-3-0,5-2-0,celiosnetwork,mikecarvallo,celiosnetwork
28,snowman4-3-0,0,1,Adam  Kalamat 5-2-0,snowman,Adam  Kalamat ,4-3-0,5-2-0,adamkalamat,snowman,adamkalamat
29,BeamMeUp5-2-0,1,0,Eckoshooter074-3-0,BeamMeUp,Eckoshooter07,5-2-0,4-3-0,beammeup,beammeup,eckoshooter07
30,Zak Turchansky5-2-0,1,0,Elnorteamigo5134-3-0,Zak Turchansky,Elnorteamigo513,5-2-0,4-3-0,zturchan,zturchan,elnorteamigo513
31,Juuzoukojiro4-3-0,0,1,Victor García5-2-0,Juuzoukojiro,Victor García,4-3-0,5-2-0,vicgar08,juuzoukojiro,vicgar08
32,Truece4-3-0,0,1,BeginnerPlzHelp5-2-0,Truece,BeginnerPlzHelp,4-3-0,5-2-0,beginnerplzhelp,truece,beginnerplzhelp
33,Juan Andree4-3-0,0,1,Ben Telfor5-2-0,Juan Andree,Ben Telfor,4-3-0,5-2-0,tel4,juanandree,tel4
34,thembert4-3-0,0,1,luckysharms75-2-0,thembert,luckysharms7,4-3-0,5-2-0,luckysharms7,thembert,luckysharms7
35,CoolPillow225-2-0,1,0,hatdog01034-3-0,CoolPillow22,hatdog0103,5-2-0,4-3-0,coolpillow22,coolpillow22,hatdog0103
36,pititu4-3-0,0,1,Dadmistaken5-2-0,pititu,Dadmistaken,4-3-0,5-2-0,dadmistaken,pititu,dadmistaken
37,Alex C4-3-0,0,1,Neko2012935-2-0,Alex C,Neko201293,4-3-0,5-2-0,neko201293,pandaboss58,neko201293
38,Selen Tatsuki5-2-0,1,0,ChromePvP4-3-0,Selen Tatsuki,ChromePvP,5-2-0,4-3-0,edgevnv,edgevnv,chromepvp
39,Robert Hinds5-2-0,1,0,Ajolt4-3-0,Robert Hinds,Ajolt,5-2-0,4-3-0,lifeparttwo,lifeparttwo,ajolt
40,ItsBlueYouKnow5-2-0,1,0,sooo4-3-0,ItsBlueYouKnow,sooo,5-2-0,4-3-0,itsblueyouknow,itsblueyouknow,sooo
41,Manupango4-1-2,1,0,ath19963-3-1,Manupango,ath1996,4-1-2,3-3-1,manupango,manupango,ath1996
42,Vina3-3-1,0,1,MatiEngel4-2-1,Vina,MatiEngel,3-3-1,4-2-1,matiengel,vina,matiengel
43,frankibby3-3-1,0,1,PatSteven4-2-1,frankibby,PatSteven,3-3-1,4-2-1,patsteven,frankibby,patsteven
44,ChaloZamorano4-2-1,1,0,ozzycarapia43-3-1,ChaloZamorano,ozzycarapia4,4-2-1,3-3-1,chalozamorano,chalozamorano,ozzycarapia4
45,Timm1014-2-1,1,0,Ignacio Silva A.3-3-1,Timm101,Ignacio Silva A.,4-2-1,3-3-1,timm101,timm101,zetulock
46,pjwitusik4-2-1,1,0,PokeDRUMMER973-3-1,pjwitusik,PokeDRUMMER97,4-2-1,3-3-1,pjwitusik,pjwitusik,pokedrummer97
47,James G3-3-1,0,1,tmez4-2-1,James G,tmez,3-3-1,4-2-1,tmez,jamesg,tmez
48,ProfessorWelch19883-3-1,0,1,Felipe Pasquale4-2-1,ProfessorWelch1988,Felipe Pasquale,3-3-1,4-2-1,fepasqua,professorwelch1988,fepasqua
49,Vini Fernandez4-2-1,1,0,Tommyb893-3-1,Vini Fernandez,Tommyb89,4-2-1,3-3-1,warexpert,warexpert,tommyb89
50,wakingeyes3-3-1,0,1,Joe Sturino4-2-1,wakingeyes,Joe Sturino,3-3-1,4-2-1,biscuithat,wakingeyes,biscuithat
51,ArchmagesTower3-3-1,0,1,Ben D4-2-1,ArchmagesTower,Ben D,3-3-1,4-2-1,bendover1357,archmagestower,bendover1357
52,Bielcosta3-2-2,0,0,topherton3-2-2,Bielcosta,topherton,3-2-2,3-2-2,0,bielcosta,topherton
53,procircuitscrub3-3-1,0,1,Blues Lee4-2-1,procircuitscrub,Blues Lee,3-3-1,4-2-1,bluezhin,procircuitscrub,bluezhin
